,model,score,std_dev,r2,num_boost_round,epochs,batch_size,lr
0,XGBoost Regressor,2626.836406249997,,,1864.0,,,
1,XGBoost Regressor,2626.836406249997,,,1209.0,,,
2,XGBoost Regressor,2626.836406249997,,,1410.0,,,
3,XGBoost Regressor,2626.836406249997,,,1923.0,,,
4,XGBoost Regressor,2626.836406249997,,,1233.0,,,
5,Logistic Regressor,33358.17654826164,,,,370.0,256.0,0.0003
6,Logistic Regressor,33348.18989803314,,,,370.0,256.0,0.003
7,Logistic Regressor,33357.5202797842,,,,370.0,256.0,0.0003
8,Logistic Regressor,33357.168387432095,,,,370.0,256.0,0.0003
9,Logistic Regressor,33357.237144608494,,,,370.0,256.0,0.0003
10,Logistic Regressor,33357.98884578466,,,,370.0,256.0,0.0003
11,MLP Regressor,33358.41894983172,,,,90.0,64.0,0.0001
12,MLP Regressor,33357.99094118595,,,,90.0,64.0,0.0001
13,MLP Regressor,33358.17423381328,,,,90.0,32.0,0.0001
14,MLP Regressor,33355.132169027325,,,,230.0,32.0,0.0001
15,MLP Regressor,33354.54403259277,,,,280.0,32.0,0.0001
16,MLP Regressor,33354.16670181274,,,,300.0,32.0,0.0001
17,MLP Regressor,33357.580726642605,,,,140.0,32.0,0.0001
18,MLP Regressor,33350.82943441391,,,,310.0,32.0,0.0001
19,MLP Regressor,33352.71049453735,,,,310.0,128.0,0.0001
20,MLP Regressor,33349.027467269894,,,,400.0,128.0,0.0001
21,MLP Regressor,33355.46889140129,,,,230.0,128.0,0.0001
22,MLP Regressor,33355.31725408554,,,,230.0,128.0,0.0001
23,MLP Regressor,31896.32444335937,,,,230.0,128.0,0.001
24,MLP Regressor,32259.618022460934,,,,230.0,128.0,0.001
25,MLP Regressor,30622.86985351562,,,,270.0,128.0,0.001
26,MLP Regressor,30454.115214843747,,,,270.0,256.0,0.001
27,MLP Regressor,30874.054667968747,,,,280.0,256.0,0.001
28,XGBoost Regressor,2626.836406249997,,,1543.0,,,
29,XGBoost Regressor,2626.836406249997,,,1226.0,,,
30,XGBoost Regressor,2626.836406249997,,,1245.0,,,
31,XGBoost Regressor,2626.836406249997,,,710.0,,,
32,XGBoost Regressor,2626.836406249997,,,1610.0,,,
33,XGBoost Regressor,2626.836406249997,,,1060.0,,,
34,XGBoost Regressor,2626.836406249997,,,1822.0,,,
35,XGBoost Regressor,2626.836406249997,,,1495.0,,,
36,XGBoost Regressor,2626.836406249997,,,1533.0,,,
37,XGBoost Regressor,2626.836406249997,,,1752.0,,,
38,XGBoost Regressor,2626.836406249997,,,1758.0,,,
39,FNN Regressor,33350.66589691162,,,,230.0,16.0,0.001
40,FNN Regressor,33353.10234167099,,,,230.0,32.0,0.001
41,FNN Regressor,33349.39685012817,,,,230.0,32.0,0.001
42,LightGBM Regressor,7293.592265624997,,,1157.0,,,
43,MLP Regressor,30956.34299804687,,,,280.0,64.0,0.001
44,MLP Regressor,21535.210429687497,,,,470.0,64.0,0.001
45,MLP Regressor,2508.516093749997,,,,470.0,64.0,0.003
46,MLP Regressor,1944.4047656249968,,,,470.0,64.0,0.003
47,MLP Regressor,20961.757304687497,,,,470.0,64.0,0.001
48,Logistic Regressor,33358.27229242444,,,,370.0,128.0,0.0003
49,Logistic Regressor,33357.75493802547,,,,490.0,128.0,0.0003
50,LightGBM Regressor,7293.592265624997,,,1876.0,,,
51,LightGBM Regressor,7293.592265624997,,,1298.0,,,
52,LightGBM Regressor,7293.592265624997,,,1227.0,,,
53,Logistic Regressor,33358.31203113913,,,,390.0,128.0,0.0003
54,Logistic Regressor,33358.30514266014,,,,390.0,256.0,0.0003
55,XGBoost Regressor,2626.836406249997,,,1793.0,,,
56,XGBoost Regressor,2626.836406249997,,,1888.0,,,
57,XGBoost Regressor,2626.836406249997,,,1313.0,,,
58,XGBoost Regressor,2626.836406249997,,,1354.0,,,
59,XGBoost Regressor,2626.836406249997,,,821.0,,,
60,FNN Regressor,33351.286808032986,,,,230.0,16.0,0.001
61,FNN Regressor,33353.574357051846,,,,180.0,16.0,0.001
62,FNN Regressor,33358.835790534016,,,,180.0,16.0,0.0001
63,FNN Regressor,33327.57334281921,,,,180.0,16.0,0.003
64,XGBoost Regressor,2626.836406249997,,,534.0,,,
65,XGBoost Regressor,2626.836406249997,,,1449.0,,,
66,XGBoost Regressor,2626.836406249997,,,760.0,,,
67,XGBoost Regressor,2626.836406249997,,,408.0,,,
68,XGBoost Regressor,2626.836406249997,,,927.0,,,
69,XGBoost Regressor,2626.836406249997,,,894.0,,,
70,XGBoost Regressor,2626.867656249997,,,72.0,,,
71,XGBoost Regressor,2626.836406249997,,,807.0,,,
72,XGBoost Regressor,2626.836406249997,,,1529.0,,,
73,XGBoost Regressor,2626.836406249997,,,1447.0,,,
74,XGBoost Regressor,2626.836406249997,,,759.0,,,
75,XGBoost Regressor,2626.836406249997,,,339.0,,,
76,XGBoost Regressor,2626.836406249997,,,947.0,,,
77,XGBoost Regressor,2626.836406249997,,,747.0,,,
78,XGBoost Regressor,2626.836406249997,,,249.0,,,
79,XGBoost Regressor,2626.836406249997,,,583.0,,,
80,XGBoost Regressor,2626.836406249997,,,924.0,,,
81,XGBoost Regressor,2626.836406249997,,,140.0,,,
82,FNN Regressor,33318.852244873044,,,,180.0,16.0,0.003
83,FNN Regressor,33345.87147476196,,,,110.0,16.0,0.003
84,FNN Regressor,33275.07825805664,,,,290.0,16.0,0.003
85,FNN Regressor,33270.51721527099,,,,290.0,16.0,0.003
86,XGBoost Regressor,2626.836406249997,,,882.0,,,
87,XGBoost Regressor,2626.836406249997,,,871.0,,,
88,XGBoost Regressor,2626.836406249997,,,1197.0,,,
89,XGBoost Regressor,2626.836406249997,,,1355.0,,,
90,XGBoost Regressor,2626.836406249997,,,1324.0,,,
91,XGBoost Regressor,2626.836406249997,,,960.0,,,
92,XGBoost Regressor,2626.836406249997,,,1786.0,,,
93,XGBoost Regressor,2626.836406249997,,,1502.0,,,
94,XGBoost Regressor,2626.836406249997,,,1112.0,,,
95,XGBoost Regressor,2626.836406249997,,,527.0,,,
96,XGBoost Regressor,2626.836406249997,,,777.0,,,
97,FNN Regressor,33324.75030090332,,,,180.0,16.0,0.003
98,FNN Regressor,33322.53433944702,,,,190.0,16.0,0.003
99,FNN Regressor,33330.97843315124,,,,190.0,16.0,0.003
100,FNN Regressor,33201.7048449707,,,,360.0,16.0,0.003
101,FNN Regressor,17585.596171874997,,,,360.0,16.0,0.03
102,FNN Regressor,27276.386210937497,,,,210.0,16.0,0.03
103,FNN Regressor,27605.589335937497,,,,210.0,16.0,0.03
104,FNN Regressor,33351.49661113739,,,,210.0,16.0,0.001
105,XGBoost Regressor,2626.836406249997,,,1376.0,,,
106,XGBoost Regressor,2626.836406249997,,,1848.0,,,
107,FNN Regressor,33357.104702968594,,,,210.0,16.0,0.0001
108,FNN Regressor,33356.57442047119,,,,200.0,16.0,0.0001
109,LightGBM Regressor,7293.592265624997,,,1991.0,,,
110,LightGBM Regressor,7293.592265624997,,,1595.0,,,
111,Logistic Regressor,33357.251722354886,,,,400.0,256.0,0.0003
112,MLP Regressor,33020.50333740234,,,,470.0,64.0,0.0003
113,XGBoost Regressor,2626.836406249997,,,1843.0,,,
114,XGBoost Regressor,2626.836406249997,,,1097.0,,,
115,XGBoost Regressor,2626.836406249997,,,747.0,,,
116,XGBoost Regressor,2626.836406249997,,,1092.0,,,
117,LightGBM Regressor,7293.592265624997,,,1507.0,,,
118,FNN Regressor,33356.51027371406,,,,410.0,16.0,0.0001
119,FNN Regressor,33357.926968474385,,,,230.0,16.0,0.0001
120,FNN Regressor,33356.07700755119,,,,230.0,16.0,0.0001
121,FNN Regressor,33358.065725822446,,,,230.0,64.0,0.0001
122,FNN Regressor,33357.97148712396,,,,230.0,32.0,0.0001
123,FNN Regressor,33358.23949470043,,,,160.0,32.0,0.0001
124,FNN Regressor,33358.72726089179,,,,160.0,128.0,0.0001
125,FNN Regressor,33357.264169235226,,,,160.0,128.0,0.0001
126,FNN Regressor,33358.64237423658,,,,160.0,128.0,0.0001
127,FNN Regressor,33357.70058180809,,,,160.0,128.0,0.0003
128,MLP Regressor,19057.789531249997,,,,470.0,64.0,0.001
129,MLP Regressor,32995.8161730957,,,,470.0,64.0,0.0003
130,MLP Regressor,33076.19526245117,,,,470.0,32.0,0.0003
131,MLP Regressor,32891.738139648434,,,,490.0,32.0,0.0003
132,XGBoost Regressor,2626.836406249997,,,269.0,,,
133,XGBoost Regressor,2626.836406249997,,,130.0,,,
134,XGBoost Regressor,2626.867656249997,,,72.0,,,
135,XGBoost Regressor,2626.836406249997,,,938.0,,,
136,XGBoost Regressor,2626.836406249997,,,891.0,,,
137,XGBoost Regressor,2626.836406249997,,,363.0,,,
138,LightGBM Regressor,7293.592265624997,,,631.0,,,
139,LightGBM Regressor,7293.592265624997,,,833.0,,,
140,LightGBM Regressor,7293.592265624997,,,1542.0,,,
141,LightGBM Regressor,7293.592265624997,,,1208.0,,,
142,LightGBM Regressor,7293.592265624997,,,469.0,,,
143,LightGBM Regressor,7293.592265624997,,,296.0,,,
144,LightGBM Regressor,7293.592265624997,,,610.0,,,
145,LightGBM Regressor,7293.592265624997,,,824.0,,,
146,LightGBM Regressor,7293.592265624997,,,775.0,,,
147,LightGBM Regressor,7293.592265624997,,,1572.0,,,
148,LightGBM Regressor,7293.592265624997,,,1838.0,,,
149,LightGBM Regressor,7293.592265624997,,,1323.0,,,
150,Logistic Regressor,33358.42775981545,,,,400.0,256.0,0.0003
151,FNN Regressor,33357.70647778034,,,,160.0,256.0,0.0003
152,FNN Regressor,33334.469682235715,,,,160.0,256.0,0.003
153,FNN Regressor,33355.773795862195,,,,160.0,256.0,0.001
154,FNN Regressor,33353.58738042831,,,,160.0,128.0,0.001
155,XGBoost Regressor,2626.836406249997,,,155.0,,,
156,XGBoost Regressor,2626.836406249997,,,681.0,,,
157,XGBoost Regressor,2626.836406249997,,,124.0,,,
158,MLP Regressor,32773.9487109375,,,,490.0,128.0,0.0003
159,MLP Regressor,32952.41785766601,,,,490.0,32.0,0.0003
160,MLP Regressor,33279.683536071774,,,,290.0,32.0,0.0003
161,MLP Regressor,33270.8061251831,,,,290.0,32.0,0.0003
162,MLP Regressor,33342.92875339508,,,,150.0,32.0,0.0003
163,MLP Regressor,33348.19142486572,,,,150.0,128.0,0.0003
164,MLP Regressor,33342.30057289123,,,,180.0,128.0,0.0003
165,MLP Regressor,33342.04925109863,,,,160.0,128.0,0.0003
166,MLP Regressor,33333.985431213376,,,,200.0,128.0,0.0003
167,MLP Regressor,33321.07760192871,,,,200.0,256.0,0.0003
168,MLP Regressor,33344.99426509857,,,,200.0,256.0,0.0003
169,Logistic Regressor,33358.20134951591,,,,470.0,256.0,0.0003
170,Logistic Regressor,33358.25565930128,,,,470.0,128.0,0.0003
171,LightGBM Regressor,7293.592265624997,,,1072.0,,,
172,LightGBM Regressor,7293.592265624997,,,638.0,,,
173,LightGBM Regressor,7293.592265624997,,,488.0,,,
174,LightGBM Regressor,7293.592265624997,,,427.0,,,
175,LightGBM Regressor,7293.592265624997,,,1238.0,,,
176,LightGBM Regressor,7293.592265624997,,,1636.0,,,
177,LightGBM Regressor,7293.592265624997,,,1641.0,,,
178,XGBoost Regressor,2626.836406249997,,,384.0,,,
179,XGBoost Regressor,2626.836406249997,,,164.0,,,
180,XGBoost Regressor,2626.836406249997,,,979.0,,,
181,XGBoost Regressor,2626.836406249997,,,1274.0,,,
182,XGBoost Regressor,2626.836406249997,,,491.0,,,
183,XGBoost Regressor,2626.836406249997,,,1315.0,,,
184,XGBoost Regressor,2626.836406249997,,,1768.0,,,
185,XGBoost Regressor,2626.836406249997,,,1570.0,,,
186,XGBoost Regressor,2626.836406249997,,,1881.0,,,
187,MLP Regressor,33330.084722061154,,,,200.0,256.0,0.0003
188,MLP Regressor,33326.450999755856,,,,200.0,256.0,0.0003
189,MLP Regressor,33284.76461364746,,,,260.0,256.0,0.0003
190,MLP Regressor,33154.68072082519,,,,350.0,256.0,0.0003
191,MLP Regressor,32917.287456054684,,,,460.0,256.0,0.0003
192,MLP Regressor,32997.37260009765,,,,460.0,128.0,0.0003
193,MLP Regressor,33285.929698486325,,,,260.0,128.0,0.0003
194,XGBoost Regressor,2626.836406249997,,,1330.0,,,
195,XGBoost Regressor,2626.836406249997,,,1886.0,,,
196,XGBoost Regressor,2626.836406249997,,,1393.0,,,
197,XGBoost Regressor,2626.836406249997,,,429.0,,,
198,XGBoost Regressor,2626.836406249997,,,738.0,,,
199,XGBoost Regressor,2626.836406249997,,,1695.0,,,
200,XGBoost Regressor,2626.836406249997,,,1066.0,,,
201,XGBoost Regressor,2626.836406249997,,,361.0,,,
202,XGBoost Regressor,2626.836406249997,,,201.0,,,
203,XGBoost Regressor,2626.836406249997,,,522.0,,,
204,FNN Regressor,33328.85353614807,,,,160.0,128.0,0.003
205,FNN Regressor,33325.533687133786,,,,160.0,128.0,0.003
206,FNN Regressor,33354.14240552902,,,,160.0,128.0,0.001
207,FNN Regressor,33355.21334030151,,,,160.0,128.0,0.001
208,FNN Regressor,33353.68960048675,,,,160.0,256.0,0.001
209,XGBoost Regressor,2626.836406249997,,,1482.0,,,
210,MLP Regressor,33308.57678939819,,,,260.0,32.0,0.0003
211,MLP Regressor,33356.91323842525,,,,60.0,32.0,0.0003
212,MLP Regressor,33356.22101523399,,,,60.0,64.0,0.0003
213,MLP Regressor,33338.41621353149,,,,60.0,64.0,0.001
214,MLP Regressor,33348.47347499847,,,,50.0,64.0,0.001
215,MLP Regressor,33285.23894073486,,,,110.0,64.0,0.001
216,MLP Regressor,28946.725566406247,,,,320.0,64.0,0.001
217,MLP Regressor,29923.535136718747,,,,320.0,64.0,0.001
218,MLP Regressor,29870.367167968747,,,,320.0,128.0,0.001
219,MLP Regressor,1750.6684374999968,,,,320.0,128.0,0.003
220,XGBoost Regressor,2626.836406249997,,,1747.0,,,
221,XGBoost Regressor,2626.836406249997,,,1383.0,,,
222,XGBoost Regressor,2626.836406249997,,,700.0,,,
223,MLP Regressor,2470.240703124997,,,,320.0,32.0,0.003
224,MLP Regressor,3228.762187499997,,,,260.0,32.0,0.003
225,MLP Regressor,33039.89466430664,,,,60.0,32.0,0.003
226,MLP Regressor,33088.752116699216,,,,60.0,32.0,0.003
227,MLP Regressor,33087.762858886716,,,,60.0,128.0,0.003
228,FNN Regressor,33331.11526443481,,,,160.0,256.0,0.003
229,FNN Regressor,33330.096816558835,,,,160.0,256.0,0.003
230,XGBoost Regressor,2626.836406249997,,,774.0,,,
231,XGBoost Regressor,2626.836406249997,,,747.0,,,
232,XGBoost Regressor,2626.836406249997,,,484.0,,,
233,XGBoost Regressor,2626.836406249997,,,605.0,,,
234,XGBoost Regressor,2626.836406249997,,,1465.0,,,
235,Logistic Regressor,33357.1670927,,,,470.0,128.0,0.0003
236,Logistic Regressor,33357.9939305377,,,,410.0,128.0,0.0003
237,Logistic Regressor,33357.42366768837,,,,410.0,32.0,0.0003
238,Logistic Regressor,33358.228428323266,,,,410.0,64.0,0.0003
239,Logistic Regressor,33347.89273979187,,,,410.0,64.0,0.003
240,Logistic Regressor,33350.20320178985,,,,310.0,64.0,0.003
241,Logistic Regressor,33347.8008637619,,,,370.0,64.0,0.003
242,MLP Regressor,3381.551249999997,,,,250.0,128.0,0.003
243,MLP Regressor,3290.676249999997,,,,250.0,128.0,0.003
244,XGBoost Regressor,2626.836406249997,,,1638.0,,,
245,XGBoost Regressor,2626.836406249997,,,1460.0,,,
246,XGBoost Regressor,2626.836406249997,,,1310.0,,,
247,XGBoost Regressor,2626.836406249997,,,992.0,,,
248,XGBoost Regressor,2626.836406249997,,,1375.0,,,
249,XGBoost Regressor,2626.836406249997,,,1995.0,,,
250,XGBoost Regressor,2626.836406249997,,,1978.0,,,
251,XGBoost Regressor,2626.836406249997,,,1677.0,,,
252,XGBoost Regressor,2626.836406249997,,,1861.0,,,
253,XGBoost Regressor,2626.836406249997,,,1101.0,,,
254,XGBoost Regressor,2626.836406249997,,,402.0,,,
255,XGBoost Regressor,2626.836406249997,,,935.0,,,
256,XGBoost Regressor,2626.836406249997,,,1852.0,,,
257,XGBoost Regressor,2626.836406249997,,,1897.0,,,
258,XGBoost Regressor,2626.836406249997,,,1890.0,,,
259,XGBoost Regressor,2626.836406249997,,,1128.0,,,
260,FNN Regressor,30221.28391601562,,,,160.0,256.0,0.03
261,FNN Regressor,30064.98313476562,,,,160.0,64.0,0.03
262,FNN Regressor,17286.640117187497,,,,330.0,64.0,0.03
263,FNN Regressor,20697.352031249997,,,,320.0,64.0,0.03
264,LightGBM Regressor,7293.592265624997,,,1841.0,,,
265,LightGBM Regressor,7293.592265624997,,,1080.0,,,
266,LightGBM Regressor,7293.592265624997,,,1880.0,,,
267,LightGBM Regressor,7293.592265624997,,,1964.0,,,
268,FNN Regressor,19844.230937499997,,,,320.0,16.0,0.03
269,Logistic Regressor,33357.87752600431,,,,370.0,64.0,0.0003
270,Logistic Regressor,33357.11326756,,,,370.0,64.0,0.0003
271,Logistic Regressor,33355.47309209823,,,,370.0,64.0,0.001
272,Logistic Regressor,33356.268904705044,,,,370.0,64.0,0.001
273,Logistic Regressor,33355.51116063118,,,,370.0,16.0,0.001
274,Logistic Regressor,33325.208129425046,,,,370.0,16.0,0.01
275,Logistic Regressor,33349.05421592712,,,,370.0,16.0,0.003
276,Logistic Regressor,33349.05290939331,,,,370.0,32.0,0.003
277,Logistic Regressor,33345.08632041931,,,,490.0,32.0,0.003
278,Logistic Regressor,33313.90208007812,,,,490.0,32.0,0.01
279,Logistic Regressor,33344.630340118405,,,,490.0,32.0,0.003
280,Logistic Regressor,33354.904698867795,,,,490.0,32.0,0.001
281,Logistic Regressor,33355.24415423393,,,,330.0,32.0,0.001
282,Logistic Regressor,33349.75441505432,,,,330.0,32.0,0.003
283,XGBoost Regressor,2626.836406249997,,,1132.0,,,
284,XGBoost Regressor,2626.836406249997,,,1220.0,,,
285,Logistic Regressor,33354.24612285614,,,,170.0,32.0,0.003
286,Logistic Regressor,33355.24824168205,,,,170.0,32.0,0.003
287,Logistic Regressor,33342.91035797119,,,,170.0,32.0,0.01
288,Logistic Regressor,33342.5368800354,,,,170.0,16.0,0.01
289,Logistic Regressor,33357.0648461771,,,,170.0,16.0,0.001
290,Logistic Regressor,33353.74022485733,,,,170.0,16.0,0.003
291,Logistic Regressor,33354.55958034515,,,,170.0,32.0,0.003
292,FNN Regressor,12904.486796874997,,,,370.0,16.0,0.03
293,FNN Regressor,15761.250468749997,,,,370.0,32.0,0.03
294,FNN Regressor,18050.701640624997,,,,330.0,32.0,0.03
295,FNN Regressor,20718.787578124997,,,,330.0,32.0,0.03
296,XGBoost Regressor,2626.836406249997,,,1421.0,,,
297,XGBoost Regressor,2626.836406249997,,,1358.0,,,
298,XGBoost Regressor,2626.836406249997,,,989.0,,,
299,XGBoost Regressor,2626.836406249997,,,494.0,,,
300,Logistic Regressor,33351.75148822784,,,,240.0,32.0,0.003
301,Logistic Regressor,33336.645282287594,,,,240.0,32.0,0.01
302,LightGBM Regressor,7293.592265624997,,,1123.0,,,
303,LightGBM Regressor,7293.592265624997,,,1005.0,,,
304,LightGBM Regressor,7293.592265624997,,,814.0,,,
305,LightGBM Regressor,7293.592265624997,,,1401.0,,,
306,LightGBM Regressor,7293.592265624997,,,954.0,,,
307,LightGBM Regressor,7293.592265624997,,,1264.0,,,
308,LightGBM Regressor,7293.592265624997,,,844.0,,,
309,LightGBM Regressor,7293.592265624997,,,745.0,,,
310,LightGBM Regressor,7293.592265624997,,,522.0,,,
311,XGBoost Regressor,2626.836406249997,,,1422.0,,,
312,XGBoost Regressor,2626.836406249997,,,1465.0,,,
313,XGBoost Regressor,2626.836406249997,,,1368.0,,,
314,MLP Regressor,4268.717265624997,,,,250.0,128.0,0.003
315,MLP Regressor,2015.5727343749968,,,,250.0,128.0,0.003
316,MLP Regressor,7989.781718749997,,,,250.0,256.0,0.003
317,LightGBM Regressor,7293.592265624997,,,647.0,,,
318,XGBoost Regressor,2626.836406249997,,,812.0,,,
319,XGBoost Regressor,2626.836406249997,,,1066.0,,,
320,XGBoost Regressor,2626.836406249997,,,1455.0,,,
321,XGBoost Regressor,2626.836406249997,,,1356.0,,,
322,XGBoost Regressor,2626.836406249997,,,1897.0,,,
323,Logistic Regressor,33353.015852470395,,,,60.0,32.0,0.01
324,Logistic Regressor,33338.4785647583,,,,230.0,32.0,0.01
325,Logistic Regressor,33328.63511993408,,,,330.0,32.0,0.01
326,Logistic Regressor,33320.86775924682,,,,420.0,32.0,0.01
327,Logistic Regressor,33319.48033096313,,,,420.0,64.0,0.01
328,MLP Regressor,3967.078593749997,,,,250.0,256.0,0.003
329,Logistic Regressor,33339.8346533966,,,,200.0,64.0,0.01
330,Logistic Regressor,33336.036744613644,,,,250.0,64.0,0.01
331,Logistic Regressor,33335.50361587524,,,,250.0,32.0,0.01
332,LightGBM Regressor,7293.592265624997,,,740.0,,,
333,LightGBM Regressor,7293.592265624997,,,1622.0,,,
334,LightGBM Regressor,7293.592265624997,,,1135.0,,,
335,LightGBM Regressor,7293.592265624997,,,1845.0,,,
336,Logistic Regressor,33336.19601203918,,,,250.0,64.0,0.01
337,Logistic Regressor,33339.02619125366,,,,210.0,64.0,0.01
338,Logistic Regressor,33352.623695392605,,,,210.0,64.0,0.003
339,Logistic Regressor,33347.77088024139,,,,380.0,64.0,0.003
340,XGBoost Regressor,2626.836406249997,,,1296.0,,,
341,XGBoost Regressor,2626.836406249997,,,544.0,,,
342,LightGBM Regressor,7293.592265624997,,,1213.0,,,
343,LightGBM Regressor,7293.592265624997,,,561.0,,,
344,LightGBM Regressor,7293.592265624997,,,1111.0,,,
345,LightGBM Regressor,7293.592265624997,,,754.0,,,
346,XGBoost Regressor,2626.836406249997,,,764.0,,,
347,XGBoost Regressor,2626.836406249997,,,468.0,,,
348,XGBoost Regressor,2626.836406249997,,,383.0,,,
349,XGBoost Regressor,2626.836406249997,,,1177.0,,,
350,XGBoost Regressor,2626.836406249997,,,1803.0,,,
351,XGBoost Regressor,2626.836406249997,,,955.0,,,
352,XGBoost Regressor,2626.836406249997,,,1582.0,,,
353,XGBoost Regressor,2626.836406249997,,,1275.0,,,
354,LightGBM Regressor,7293.592265624997,,,299.0,,,
355,XGBoost Regressor,2626.836406249997,,,1619.0,,,
356,XGBoost Regressor,2626.836406249997,,,1933.0,,,
357,XGBoost Regressor,2626.836406249997,,,1868.0,,,
358,XGBoost Regressor,2626.836406249997,,,974.0,,,
359,XGBoost Regressor,2626.836406249997,,,334.0,,,
360,XGBoost Regressor,2626.836406249997,,,192.0,,,
361,XGBoost Regressor,2626.836406249997,,,279.0,,,
362,XGBoost Regressor,2626.836406249997,,,114.0,,,
363,XGBoost Regressor,2626.836406249997,,,858.0,,,
364,XGBoost Regressor,2626.836406249997,,,645.0,,,
365,XGBoost Regressor,2626.836406249997,,,1084.0,,,
366,XGBoost Regressor,2626.836406249997,,,1998.0,,,
367,Logistic Regressor,33350.23878623962,,,,330.0,64.0,0.003
368,XGBoost Regressor,2626.836406249997,,,1061.0,,,
369,XGBoost Regressor,2626.836406249997,,,263.0,,,
370,Logistic Regressor,33356.091640014645,,,,330.0,64.0,0.001
371,Logistic Regressor,33355.248683948514,,,,330.0,16.0,0.001
372,Logistic Regressor,33358.783738065955,,,,330.0,16.0,0.0001
373,FNN Regressor,19047.372539062497,,,,330.0,32.0,0.03
374,MLP Regressor,31571.33799316406,,,,250.0,256.0,0.001
375,MLP Regressor,31211.59055664062,,,,250.0,256.0,0.001
376,MLP Regressor,33354.730286617276,,,,250.0,256.0,0.0001
377,MLP Regressor,33283.91763641357,,,,250.0,256.0,0.0003
378,XGBoost Regressor,2626.836406249997,,,861.0,,,
379,XGBoost Regressor,2626.836406249997,,,1114.0,,,
380,XGBoost Regressor,2626.836406249997,,,1249.0,,,
381,XGBoost Regressor,2626.836406249997,,,1701.0,,,
382,XGBoost Regressor,2626.836406249997,,,1958.0,,,
383,XGBoost Regressor,2626.836406249997,,,1298.0,,,
384,XGBoost Regressor,2626.836406249997,,,1726.0,,,
385,XGBoost Regressor,2626.836406249997,,,1093.0,,,
386,XGBoost Regressor,2626.836406249997,,,1365.0,,,
387,XGBoost Regressor,2626.836406249997,,,1383.0,,,
388,XGBoost Regressor,2626.836406249997,,,725.0,,,
389,XGBoost Regressor,2626.836406249997,,,265.0,,,
390,XGBoost Regressor,2626.836406249997,,,1104.0,,,
391,XGBoost Regressor,2626.836406249997,,,951.0,,,
392,XGBoost Regressor,2626.836406249997,,,625.0,,,
393,XGBoost Regressor,2626.836406249997,,,117.0,,,
394,XGBoost Regressor,2626.836406249997,,,1020.0,,,
395,XGBoost Regressor,2626.836406249997,,,628.0,,,
396,XGBoost Regressor,2626.836406249997,,,503.0,,,
397,XGBoost Regressor,2626.836406249997,,,1366.0,,,
398,XGBoost Regressor,2626.836406249997,,,831.0,,,
399,XGBoost Regressor,2626.836406249997,,,464.0,,,
400,XGBoost Regressor,2626.836406249997,,,1258.0,,,
401,XGBoost Regressor,2626.836406249997,,,461.0,,,
402,XGBoost Regressor,2626.836406249997,,,780.0,,,
403,XGBoost Regressor,2626.836406249997,,,438.0,,,
404,XGBoost Regressor,2626.836406249997,,,1404.0,,,
405,XGBoost Regressor,2626.836406249997,,,1045.0,,,
406,XGBoost Regressor,2626.836406249997,,,1228.0,,,
407,XGBoost Regressor,2626.836406249997,,,338.0,,,
408,XGBoost Regressor,2626.836406249997,,,719.0,,,
409,XGBoost Regressor,2626.840312499997,,,81.0,,,
410,XGBoost Regressor,2626.836406249997,,,760.0,,,
411,XGBoost Regressor,2626.836406249997,,,407.0,,,
412,XGBoost Regressor,2626.836406249997,,,280.0,,,
413,XGBoost Regressor,2626.836406249997,,,272.0,,,
414,XGBoost Regressor,2626.836406249997,,,1104.0,,,
415,XGBoost Regressor,2626.836406249997,,,1807.0,,,
416,FNN Regressor,33227.84675170898,,,,330.0,32.0,0.003
417,FNN Regressor,33171.64461853027,,,,410.0,32.0,0.003
418,FNN Regressor,33263.785319824216,,,,280.0,32.0,0.003
419,FNN Regressor,32188.32822753906,,,,280.0,32.0,0.01
420,FNN Regressor,33274.29883148193,,,,280.0,32.0,0.003
421,FNN Regressor,33356.56277348518,,,,280.0,32.0,0.0003
422,FNN Regressor,33355.03143741607,,,,340.0,32.0,0.0003
423,Logistic Regressor,33358.42967315435,,,,330.0,16.0,0.0001
424,Logistic Regressor,33359.00392449319,,,,330.0,16.0,0.0001
425,Logistic Regressor,33358.2814402771,,,,330.0,16.0,0.0003
426,Logistic Regressor,33356.458582658764,,,,450.0,16.0,0.0003
427,XGBoost Regressor,2626.836406249997,,,1651.0,,,
428,XGBoost Regressor,2626.836406249997,,,1880.0,,,
429,XGBoost Regressor,2626.836406249997,,,968.0,,,
430,XGBoost Regressor,2626.836406249997,,,918.0,,,
431,XGBoost Regressor,2626.836406249997,,,1206.0,,,
432,XGBoost Regressor,2626.836406249997,,,314.0,,,
433,XGBoost Regressor,2626.836406249997,,,412.0,,,
434,XGBoost Regressor,2626.836406249997,,,898.0,,,
435,XGBoost Regressor,2626.836406249997,,,1845.0,,,
436,XGBoost Regressor,2626.836406249997,,,1295.0,,,
437,XGBoost Regressor,2626.836406249997,,,608.0,,,
438,XGBoost Regressor,2626.836406249997,,,626.0,,,
439,XGBoost Regressor,2626.836406249997,,,97.0,,,
440,XGBoost Regressor,2626.836406249997,,,133.0,,,
441,XGBoost Regressor,2626.836406249997,,,652.0,,,
442,XGBoost Regressor,2626.836406249997,,,215.0,,,
443,XGBoost Regressor,2626.836406249997,,,735.0,,,
444,XGBoost Regressor,2626.836406249997,,,662.0,,,
445,XGBoost Regressor,2626.836406249997,,,1321.0,,,
446,XGBoost Regressor,2626.836406249997,,,638.0,,,
447,XGBoost Regressor,2626.836406249997,,,1243.0,,,
448,XGBoost Regressor,2626.836406249997,,,1937.0,,,
449,XGBoost Regressor,2626.836406249997,,,1396.0,,,
450,XGBoost Regressor,2626.836406249997,,,1662.0,,,
451,XGBoost Regressor,2626.836406249997,,,1064.0,,,
452,XGBoost Regressor,2626.836406249997,,,1715.0,,,
453,XGBoost Regressor,2626.836406249997,,,1208.0,,,
454,XGBoost Regressor,2626.836406249997,,,919.0,,,
455,XGBoost Regressor,2626.836406249997,,,300.0,,,
456,XGBoost Regressor,2626.836406249997,,,954.0,,,
457,XGBoost Regressor,2626.836406249997,,,577.0,,,
458,XGBoost Regressor,2626.836406249997,,,672.0,,,
459,XGBoost Regressor,2626.836406249997,,,130.0,,,
460,XGBoost Regressor,2626.836406249997,,,285.0,,,
461,XGBoost Regressor,2626.836406249997,,,717.0,,,
462,XGBoost Regressor,2626.836406249997,,,675.0,,,
463,XGBoost Regressor,2626.836406249997,,,99.0,,,
464,FNN Regressor,33358.19655330896,,,,340.0,32.0,0.0001
465,XGBoost Regressor,2626.836406249997,,,633.0,,,
466,LightGBM Regressor,7293.592265624997,,,1099.0,,,
467,LightGBM Regressor,7293.592265624997,,,318.0,,,
468,LightGBM Regressor,7293.592265624997,,,318.0,,,
469,LightGBM Regressor,7293.592265624997,,,1015.0,,,
470,LightGBM Regressor,7293.592265624997,,,1107.0,,,
471,LightGBM Regressor,7293.592265624997,,,765.0,,,
472,LightGBM Regressor,7293.592265624997,,,1690.0,,,
473,FNN Regressor,33356.73395015716,,,,420.0,32.0,0.0001
474,FNN Regressor,33137.71546508789,,,,420.0,32.0,0.003
475,FNN Regressor,33200.27382995605,,,,340.0,32.0,0.003
476,FNN Regressor,14486.559062499997,,,,340.0,32.0,0.03
477,MLP Regressor,33309.456817169186,,,,250.0,128.0,0.0003
478,MLP Regressor,33297.21631576538,,,,250.0,128.0,0.0003
479,MLP Regressor,33308.904601593014,,,,250.0,128.0,0.0003
480,MLP Regressor,33313.428050537106,,,,250.0,32.0,0.0003
481,MLP Regressor,33293.04672576904,,,,250.0,64.0,0.0003
482,MLP Regressor,31121.246562499997,,,,250.0,64.0,0.001
483,MLP Regressor,25912.681621093747,,,,390.0,64.0,0.001
484,MLP Regressor,25176.644999999997,,,,390.0,64.0,0.001
485,MLP Regressor,33170.99149658203,,,,390.0,64.0,0.0003
486,MLP Regressor,33156.73174621582,,,,390.0,128.0,0.0003
487,FNN Regressor,17113.893046874997,,,,340.0,32.0,0.03
488,Logistic Regressor,33357.20852591514,,,,450.0,16.0,0.0003
489,Logistic Regressor,33358.281774539944,,,,450.0,64.0,0.0003
490,MLP Regressor,33137.92078735351,,,,390.0,32.0,0.0003
491,FNN Regressor,31530.264506835934,,,,340.0,32.0,0.01
492,FNN Regressor,31219.36936523437,,,,340.0,32.0,0.01
493,FNN Regressor,33354.558867950436,,,,340.0,32.0,0.0003
494,FNN Regressor,33208.44893981933,,,,340.0,32.0,0.003
495,FNN Regressor,31210.099589843747,,,,340.0,32.0,0.01
496,MLP Regressor,33154.079432983395,,,,390.0,32.0,0.0003
497,MLP Regressor,26090.189921874997,,,,390.0,32.0,0.001
498,MLP Regressor,33348.45998336792,,,,390.0,32.0,0.0001
499,MLP Regressor,33352.77264692306,,,,340.0,32.0,0.0001
500,MLP Regressor,33349.95851757049,,,,340.0,32.0,0.0001
501,MLP Regressor,33347.84613563537,,,,410.0,32.0,0.0001
502,MLP Regressor,33342.477757949826,,,,410.0,64.0,0.0001
503,LightGBM Regressor,7293.592265624997,,,1420.0,,,
504,LightGBM Regressor,7293.592265624997,,,576.0,,,
505,LightGBM Regressor,7293.592265624997,,,1256.0,,,
506,LightGBM Regressor,7293.592265624997,,,1844.0,,,
507,LightGBM Regressor,7293.592265624997,,,933.0,,,
508,XGBoost Regressor,2626.836406249997,,,1499.0,,,
509,XGBoost Regressor,2626.836406249997,,,700.0,,,
510,LightGBM Regressor,7293.592265624997,,,1312.0,,,
511,XGBoost Regressor,2626.836406249997,,,999.0,,,
512,XGBoost Regressor,2626.836406249997,,,1234.0,,,
513,MLP Regressor,33355.43279363632,,,,240.0,64.0,0.0001
514,MLP Regressor,33356.59635807991,,,,240.0,64.0,0.0001
515,MLP Regressor,33355.576568622586,,,,240.0,64.0,0.0001
516,MLP Regressor,33356.31620695114,,,,240.0,32.0,0.0001
517,MLP Regressor,33353.51191188812,,,,300.0,32.0,0.0001
518,MLP Regressor,33274.81555511474,,,,300.0,32.0,0.0003
519,MLP Regressor,33269.80717803955,,,,300.0,128.0,0.0003
520,MLP Regressor,33249.37652923584,,,,310.0,128.0,0.0003
521,Logistic Regressor,33356.97191597938,,,,330.0,64.0,0.0003
522,Logistic Regressor,33355.62159444809,,,,330.0,64.0,0.001
523,Logistic Regressor,33354.99626972198,,,,330.0,64.0,0.001
524,Logistic Regressor,33349.848350067135,,,,330.0,64.0,0.003
525,Logistic Regressor,33350.52261688232,,,,330.0,32.0,0.003
526,Logistic Regressor,33350.5386510086,,,,300.0,32.0,0.003
527,Logistic Regressor,33349.73848964691,,,,300.0,16.0,0.003
528,Logistic Regressor,33350.96575452804,,,,300.0,16.0,0.003
529,Logistic Regressor,33331.4980883789,,,,300.0,16.0,0.01
530,Logistic Regressor,33331.38645507812,,,,300.0,16.0,0.01
531,Logistic Regressor,33349.97290756225,,,,300.0,16.0,0.003
532,Logistic Regressor,33350.88098670959,,,,300.0,16.0,0.003
533,Logistic Regressor,33351.91650726318,,,,240.0,16.0,0.003
534,Logistic Regressor,33352.540243167874,,,,240.0,64.0,0.003
535,Logistic Regressor,33351.28235198974,,,,240.0,32.0,0.003
536,MLP Regressor,33245.00909759521,,,,310.0,128.0,0.0003
537,MLP Regressor,33289.785823364255,,,,250.0,128.0,0.0003
538,MLP Regressor,33357.83298100948,,,,50.0,128.0,0.0003
539,MLP Regressor,33357.23825587749,,,,50.0,128.0,0.0003
540,MLP Regressor,33357.51301743507,,,,50.0,256.0,0.0003
541,MLP Regressor,33357.490376133916,,,,50.0,128.0,0.0003
542,MLP Regressor,33355.209872980115,,,,90.0,128.0,0.0003
543,MLP Regressor,33300.117854614255,,,,90.0,128.0,0.001
544,MLP Regressor,33088.23301269531,,,,140.0,128.0,0.001
545,MLP Regressor,33131.88001586914,,,,140.0,128.0,0.001
546,Logistic Regressor,33336.77409698486,,,,240.0,32.0,0.01
547,Logistic Regressor,33345.91631748199,,,,140.0,32.0,0.01
548,Logistic Regressor,33345.76893760681,,,,140.0,32.0,0.01
549,Logistic Regressor,33345.648174781796,,,,140.0,16.0,0.01
550,Logistic Regressor,33354.63138296127,,,,140.0,16.0,0.003
551,Logistic Regressor,33346.04201938629,,,,140.0,16.0,0.01
552,Logistic Regressor,33340.43742134094,,,,200.0,16.0,0.01
553,Logistic Regressor,33353.51201774597,,,,50.0,16.0,0.01
554,Logistic Regressor,33356.816992540356,,,,50.0,16.0,0.003
555,Logistic Regressor,33357.13264657974,,,,80.0,16.0,0.003
556,Logistic Regressor,33357.198737878796,,,,80.0,16.0,0.003
557,Logistic Regressor,33354.08264877319,,,,190.0,16.0,0.003
558,Logistic Regressor,33353.202545185086,,,,190.0,16.0,0.003
559,Logistic Regressor,33349.61558200836,,,,370.0,16.0,0.003
560,MLP Regressor,33112.88099243164,,,,140.0,128.0,0.001
561,MLP Regressor,33357.12017764568,,,,140.0,128.0,0.0001
562,MLP Regressor,33357.195760746,,,,140.0,32.0,0.0001
563,MLP Regressor,33169.79619934082,,,,140.0,32.0,0.001
564,FNN Regressor,33342.55469467163,,,,340.0,32.0,0.001
565,FNN Regressor,33355.34992815971,,,,340.0,32.0,0.0001
566,FNN Regressor,33353.85118152618,,,,340.0,16.0,0.0001
567,FNN Regressor,33357.75338651657,,,,340.0,16.0,0.0001
568,XGBoost Regressor,2626.836406249997,,,1293.0,,,
569,XGBoost Regressor,2626.836406249997,,,1383.0,,,
570,XGBoost Regressor,2626.836406249997,,,617.0,,,
571,XGBoost Regressor,2626.836406249997,,,1028.0,,,
572,XGBoost Regressor,2626.836406249997,,,1957.0,,,
573,XGBoost Regressor,2626.836406249997,,,1454.0,,,
574,XGBoost Regressor,2626.836406249997,,,993.0,,,
575,XGBoost Regressor,2626.836406249997,,,1794.0,,,
576,XGBoost Regressor,2626.836406249997,,,1597.0,,,
577,XGBoost Regressor,2626.836406249997,,,1018.0,,,
578,XGBoost Regressor,2626.836406249997,,,1854.0,,,
579,XGBoost Regressor,2626.836406249997,,,1828.0,,,
580,XGBoost Regressor,2626.836406249997,,,1047.0,,,
581,XGBoost Regressor,2626.836406249997,,,344.0,,,
582,XGBoost Regressor,2626.836406249997,,,940.0,,,
583,XGBoost Regressor,2626.836406249997,,,484.0,,,
584,XGBoost Regressor,2626.836406249997,,,602.0,,,
585,XGBoost Regressor,2626.836406249997,,,126.0,,,
586,XGBoost Regressor,2626.836406249997,,,710.0,,,
587,XGBoost Regressor,2626.836406249997,,,328.0,,,
588,XGBoost Regressor,2626.836406249997,,,211.0,,,
589,XGBoost Regressor,2626.836406249997,,,337.0,,,
590,XGBoost Regressor,2626.836406249997,,,299.0,,,
591,XGBoost Regressor,2626.836406249997,,,647.0,,,
592,XGBoost Regressor,2626.836406249997,,,1083.0,,,
593,XGBoost Regressor,2626.836406249997,,,882.0,,,
594,XGBoost Regressor,2626.836406249997,,,477.0,,,
595,XGBoost Regressor,2626.836406249997,,,1343.0,,,
596,XGBoost Regressor,2626.836406249997,,,903.0,,,
597,XGBoost Regressor,2626.836406249997,,,602.0,,,
598,XGBoost Regressor,2626.836406249997,,,278.0,,,
599,XGBoost Regressor,2626.836406249997,,,747.0,,,
600,XGBoost Regressor,2626.836406249997,,,1036.0,,,
601,XGBoost Regressor,2626.836406249997,,,1446.0,,,
602,XGBoost Regressor,2626.836406249997,,,558.0,,,
603,XGBoost Regressor,2626.836406249997,,,120.0,,,
604,LightGBM Regressor,7293.592265624997,,,1122.0,,,
605,LightGBM Regressor,7293.592265624997,,,1999.0,,,
606,LightGBM Regressor,7293.592265624997,,,1191.0,,,
607,LightGBM Regressor,7293.592265624997,,,277.0,,,
608,LightGBM Regressor,7293.592265624997,,,609.0,,,
609,LightGBM Regressor,7293.592265624997,,,595.0,,,
610,LightGBM Regressor,7293.592265624997,,,429.0,,,
611,LightGBM Regressor,7293.592265624997,,,1314.0,,,
612,LightGBM Regressor,7293.592265624997,,,1359.0,,,
613,LightGBM Regressor,7293.592265624997,,,1169.0,,,
614,LightGBM Regressor,7293.592265624997,,,306.0,,,
615,LightGBM Regressor,7293.592265624997,,,781.0,,,
616,LightGBM Regressor,7293.592265624997,,,316.0,,,
617,LightGBM Regressor,7293.592265624997,,,462.0,,,
618,LightGBM Regressor,7293.592265624997,,,638.0,,,
619,LightGBM Regressor,7293.592265624997,,,870.0,,,
620,LightGBM Regressor,7293.592265624997,,,1783.0,,,
621,LightGBM Regressor,7293.592265624997,,,1271.0,,,
622,LightGBM Regressor,7293.592265624997,,,1997.0,,,
623,LightGBM Regressor,7293.592265624997,,,1144.0,,,
624,LightGBM Regressor,7293.592265624997,,,1093.0,,,
625,LightGBM Regressor,7293.592265624997,,,1362.0,,,
626,LightGBM Regressor,7293.592265624997,,,1595.0,,,
627,LightGBM Regressor,7293.592265624997,,,1164.0,,,
628,XGBoost Regressor,2626.836406249997,,,321.0,,,
629,XGBoost Regressor,2626.836406249997,,,1039.0,,,
630,XGBoost Regressor,2626.836406249997,,,1921.0,,,
631,XGBoost Regressor,2626.836406249997,,,1887.0,,,
632,XGBoost Regressor,2626.836406249997,,,1585.0,,,
633,XGBoost Regressor,2626.836406249997,,,1206.0,,,
634,XGBoost Regressor,2626.836406249997,,,613.0,,,
635,XGBoost Regressor,2626.836406249997,,,797.0,,,
636,XGBoost Regressor,2626.836406249997,,,1731.0,,,
637,XGBoost Regressor,2626.836406249997,,,1232.0,,,
638,XGBoost Regressor,2626.836406249997,,,734.0,,,
639,XGBoost Regressor,2626.836406249997,,,596.0,,,
640,XGBoost Regressor,2626.836406249997,,,178.0,,,
641,XGBoost Regressor,2626.836406249997,,,873.0,,,
642,XGBoost Regressor,2626.836406249997,,,955.0,,,
643,XGBoost Regressor,2626.836406249997,,,787.0,,,
644,XGBoost Regressor,2626.836406249997,,,922.0,,,
645,XGBoost Regressor,2626.836406249997,,,372.0,,,
646,XGBoost Regressor,2626.836406249997,,,1285.0,,,
647,XGBoost Regressor,2626.836406249997,,,1643.0,,,
648,XGBoost Regressor,2626.836406249997,,,1848.0,,,
649,XGBoost Regressor,2626.836406249997,,,1226.0,,,
650,XGBoost Regressor,2626.836406249997,,,481.0,,,
651,XGBoost Regressor,2626.836406249997,,,484.0,,,
652,XGBoost Regressor,2626.836406249997,,,1298.0,,,
653,XGBoost Regressor,2626.836406249997,,,637.0,,,
654,XGBoost Regressor,2626.836406249997,,,1292.0,,,
655,XGBoost Regressor,2626.836406249997,,,964.0,,,
656,XGBoost Regressor,2626.836406249997,,,1744.0,,,
657,XGBoost Regressor,2626.836406249997,,,1857.0,,,
658,XGBoost Regressor,2626.836406249997,,,1853.0,,,
659,XGBoost Regressor,2626.836406249997,,,1394.0,,,
660,XGBoost Regressor,2626.836406249997,,,575.0,,,
661,XGBoost Regressor,2626.836406249997,,,180.0,,,
662,XGBoost Regressor,2626.836406249997,,,373.0,,,
663,XGBoost Regressor,2626.836406249997,,,770.0,,,
664,XGBoost Regressor,2626.836406249997,,,1470.0,,,
665,XGBoost Regressor,2626.836406249997,,,1780.0,,,
666,XGBoost Regressor,2626.836406249997,,,1476.0,,,
667,XGBoost Regressor,2626.836406249997,,,1197.0,,,
668,XGBoost Regressor,2626.836406249997,,,879.0,,,
669,XGBoost Regressor,2626.836406249997,,,1051.0,,,
670,XGBoost Regressor,2626.836406249997,,,1698.0,,,
671,XGBoost Regressor,2626.836406249997,,,950.0,,,
672,XGBoost Regressor,2626.836406249997,,,623.0,,,
673,XGBoost Regressor,2626.836406249997,,,650.0,,,
674,XGBoost Regressor,2626.836406249997,,,473.0,,,
675,XGBoost Regressor,2626.836406249997,,,278.0,,,
676,XGBoost Regressor,2626.836406249997,,,510.0,,,
677,XGBoost Regressor,2626.836406249997,,,189.0,,,
678,XGBoost Regressor,2626.836406249997,,,866.0,,,
679,XGBoost Regressor,2626.836406249997,,,1075.0,,,
680,XGBoost Regressor,2626.836406249997,,,282.0,,,
681,XGBoost Regressor,2626.836406249997,,,775.0,,,
682,XGBoost Regressor,2626.836406249997,,,1269.0,,,
683,XGBoost Regressor,2626.836406249997,,,1787.0,,,
684,XGBoost Regressor,2626.836406249997,,,1629.0,,,
685,XGBoost Regressor,2626.836406249997,,,1987.0,,,
686,XGBoost Regressor,2626.836406249997,,,1541.0,,,
687,XGBoost Regressor,2626.836406249997,,,1745.0,,,
688,XGBoost Regressor,2626.836406249997,,,941.0,,,
689,XGBoost Regressor,2626.836406249997,,,1132.0,,,
690,XGBoost Regressor,2626.836406249997,,,296.0,,,
691,XGBoost Regressor,2626.836406249997,,,921.0,,,
692,XGBoost Regressor,2626.836406249997,,,925.0,,,
693,XGBoost Regressor,2626.836406249997,,,1065.0,,,
694,XGBoost Regressor,2626.836406249997,,,1376.0,,,
695,XGBoost Regressor,2626.836406249997,,,893.0,,,
696,XGBoost Regressor,2626.836406249997,,,341.0,,,
697,XGBoost Regressor,2626.836406249997,,,665.0,,,
698,LightGBM Regressor,7293.592265624997,,,1720.0,,,
699,LightGBM Regressor,7293.592265624997,,,1254.0,,,
700,LightGBM Regressor,7293.592265624997,,,338.0,,,
701,LightGBM Regressor,7293.592265624997,,,1010.0,,,
702,LightGBM Regressor,7293.592265624997,,,1354.0,,,
703,LightGBM Regressor,7293.592265624997,,,856.0,,,
704,LightGBM Regressor,7293.592265624997,,,135.0,,,
705,LightGBM Regressor,7293.592265624997,,,1091.0,,,
706,LightGBM Regressor,7293.592265624997,,,1558.0,,,
707,LightGBM Regressor,7293.592265624997,,,1471.0,,,
708,LightGBM Regressor,7293.592265624997,,,1072.0,,,
709,LightGBM Regressor,7293.592265624997,,,339.0,,,
710,LightGBM Regressor,7293.592265624997,,,1042.0,,,
711,LightGBM Regressor,7293.592265624997,,,1186.0,,,
712,LightGBM Regressor,7293.592265624997,,,1110.0,,,
713,LightGBM Regressor,7293.592265624997,,,1339.0,,,
714,LightGBM Regressor,7293.592265624997,,,623.0,,,
715,LightGBM Regressor,7293.592265624997,,,927.0,,,
716,LightGBM Regressor,7293.592265624997,,,683.0,,,
717,LightGBM Regressor,7293.592265624997,,,273.0,,,
718,LightGBM Regressor,7293.592265624997,,,493.0,,,
719,LightGBM Regressor,7293.592265624997,,,1083.0,,,
720,LightGBM Regressor,7293.592265624997,,,653.0,,,
721,LightGBM Regressor,7293.592265624997,,,153.0,,,
722,LightGBM Regressor,7293.592265624997,,,482.0,,,
723,LightGBM Regressor,7293.592265624997,,,983.0,,,
724,LightGBM Regressor,7293.592265624997,,,1699.0,,,
725,LightGBM Regressor,7293.592265624997,,,1733.0,,,
726,LightGBM Regressor,7293.592265624997,,,777.0,,,
727,LightGBM Regressor,7293.592265624997,,,953.0,,,
728,XGBoost Regressor,2626.836406249997,,,1093.0,,,
729,XGBoost Regressor,2626.836406249997,,,905.0,,,
730,XGBoost Regressor,2626.836406249997,,,435.0,,,
731,XGBoost Regressor,2626.836406249997,,,440.0,,,
732,XGBoost Regressor,2626.836406249997,,,1362.0,,,
733,XGBoost Regressor,2626.836406249997,,,450.0,,,
734,XGBoost Regressor,2626.836406249997,,,1019.0,,,
735,XGBoost Regressor,2626.836406249997,,,804.0,,,
736,XGBoost Regressor,2626.836406249997,,,1010.0,,,
737,XGBoost Regressor,2626.836406249997,,,238.0,,,
738,XGBoost Regressor,2626.836406249997,,,545.0,,,
739,XGBoost Regressor,2626.836406249997,,,620.0,,,
740,XGBoost Regressor,2626.836406249997,,,1518.0,,,
741,XGBoost Regressor,2626.836406249997,,,1532.0,,,
742,XGBoost Regressor,2626.836406249997,,,1093.0,,,
743,XGBoost Regressor,2626.836406249997,,,840.0,,,
744,XGBoost Regressor,2626.836406249997,,,461.0,,,
745,XGBoost Regressor,2626.836406249997,,,1272.0,,,
746,XGBoost Regressor,2626.836406249997,,,673.0,,,
747,XGBoost Regressor,2626.836406249997,,,344.0,,,
748,XGBoost Regressor,2626.836406249997,,,1069.0,,,
749,XGBoost Regressor,2626.836406249997,,,640.0,,,
750,XGBoost Regressor,2626.836406249997,,,792.0,,,
751,XGBoost Regressor,2626.836406249997,,,280.0,,,
752,XGBoost Regressor,2626.836406249997,,,306.0,,,
753,XGBoost Regressor,2626.836406249997,,,273.0,,,
754,XGBoost Regressor,2626.836406249997,,,1164.0,,,
755,XGBoost Regressor,2626.836406249997,,,528.0,,,
756,XGBoost Regressor,2626.836406249997,,,279.0,,,
757,XGBoost Regressor,2626.836406249997,,,915.0,,,
758,XGBoost Regressor,2626.836406249997,,,1623.0,,,
759,XGBoost Regressor,2626.836406249997,,,1129.0,,,
760,XGBoost Regressor,2626.836406249997,,,1496.0,,,
761,XGBoost Regressor,2626.836406249997,,,548.0,,,
762,XGBoost Regressor,2626.836406249997,,,1054.0,,,
763,XGBoost Regressor,2626.836406249997,,,1779.0,,,
764,XGBoost Regressor,2626.836406249997,,,1591.0,,,
765,XGBoost Regressor,2626.836406249997,,,1459.0,,,
766,XGBoost Regressor,2626.836406249997,,,1370.0,,,
767,XGBoost Regressor,2626.836406249997,,,1046.0,,,
768,XGBoost Regressor,2626.836406249997,,,1454.0,,,
769,XGBoost Regressor,2626.836406249997,,,1755.0,,,
770,XGBoost Regressor,2626.836406249997,,,1368.0,,,
771,XGBoost Regressor,2626.836406249997,,,1987.0,,,
772,XGBoost Regressor,2626.836406249997,,,1930.0,,,
773,XGBoost Regressor,2626.836406249997,,,1649.0,,,
774,XGBoost Regressor,2626.836406249997,,,1630.0,,,
775,XGBoost Regressor,2626.836406249997,,,1492.0,,,
776,XGBoost Regressor,2626.836406249997,,,1138.0,,,
777,XGBoost Regressor,2626.836406249997,,,178.0,,,
778,XGBoost Regressor,2626.836406249997,,,837.0,,,
779,XGBoost Regressor,2626.836406249997,,,459.0,,,
780,XGBoost Regressor,2626.836406249997,,,1293.0,,,
781,XGBoost Regressor,2626.836406249997,,,1807.0,,,
782,XGBoost Regressor,2626.836406249997,,,1888.0,,,
783,XGBoost Regressor,2626.836406249997,,,1318.0,,,
784,XGBoost Regressor,2626.836406249997,,,997.0,,,
785,XGBoost Regressor,2626.836406249997,,,1788.0,,,
786,XGBoost Regressor,2626.836406249997,,,1085.0,,,
787,XGBoost Regressor,2626.836406249997,,,544.0,,,
788,XGBoost Regressor,2626.836406249997,,,1105.0,,,
789,XGBoost Regressor,2626.836406249997,,,152.0,,,
790,XGBoost Regressor,2626.836406249997,,,641.0,,,
791,XGBoost Regressor,2626.836406249997,,,1181.0,,,
792,XGBoost Regressor,2626.836406249997,,,600.0,,,
793,XGBoost Regressor,2626.836406249997,,,1450.0,,,
794,XGBoost Regressor,2626.836406249997,,,1074.0,,,
795,XGBoost Regressor,2626.836406249997,,,290.0,,,
796,XGBoost Regressor,2626.836406249997,,,734.0,,,
797,XGBoost Regressor,2626.836406249997,,,1073.0,,,
798,XGBoost Regressor,2626.836406249997,,,1038.0,,,
799,XGBoost Regressor,2626.836406249997,,,1895.0,,,
800,XGBoost Regressor,2626.836406249997,,,1187.0,,,
801,XGBoost Regressor,2626.836406249997,,,1048.0,,,
802,XGBoost Regressor,2626.836406249997,,,807.0,,,
803,XGBoost Regressor,2626.836406249997,,,868.0,,,
804,XGBoost Regressor,2626.836406249997,,,502.0,,,
805,XGBoost Regressor,2626.836406249997,,,160.0,,,
806,XGBoost Regressor,2626.867656249997,,,72.0,,,
807,XGBoost Regressor,2626.836406249997,,,305.0,,,
808,XGBoost Regressor,2626.836406249997,,,762.0,,,
809,XGBoost Regressor,2626.836406249997,,,1207.0,,,
810,XGBoost Regressor,2626.836406249997,,,1457.0,,,
811,XGBoost Regressor,2626.836406249997,,,1740.0,,,
812,XGBoost Regressor,2626.836406249997,,,1927.0,,,
813,XGBoost Regressor,2626.836406249997,,,1011.0,,,
814,XGBoost Regressor,2626.836406249997,,,987.0,,,
815,XGBoost Regressor,2626.836406249997,,,127.0,,,
816,XGBoost Regressor,2626.836406249997,,,731.0,,,
817,XGBoost Regressor,2626.836406249997,,,1234.0,,,
818,XGBoost Regressor,2626.836406249997,,,1908.0,,,
819,XGBoost Regressor,2626.836406249997,,,1376.0,,,
820,XGBoost Regressor,2626.836406249997,,,1891.0,,,
821,XGBoost Regressor,2626.836406249997,,,1399.0,,,
822,XGBoost Regressor,2626.836406249997,,,1996.0,,,
823,XGBoost Regressor,2626.836406249997,,,1177.0,,,
824,XGBoost Regressor,2626.836406249997,,,1315.0,,,
825,XGBoost Regressor,2626.836406249997,,,1941.0,,,
826,XGBoost Regressor,2626.836406249997,,,1023.0,,,
827,XGBoost Regressor,2626.836406249997,,,856.0,,,
828,XGBoost Regressor,2626.836406249997,,,732.0,,,
829,XGBoost Regressor,2626.836406249997,,,1384.0,,,
830,XGBoost Regressor,2626.836406249997,,,1465.0,,,
831,XGBoost Regressor,2626.836406249997,,,1103.0,,,
832,XGBoost Regressor,2626.836406249997,,,1939.0,,,
833,XGBoost Regressor,2626.836406249997,,,1182.0,,,
834,XGBoost Regressor,2626.836406249997,,,274.0,,,
835,XGBoost Regressor,2626.836406249997,,,540.0,,,
836,XGBoost Regressor,2626.836406249997,,,764.0,,,
837,XGBoost Regressor,2626.836406249997,,,625.0,,,
838,XGBoost Regressor,2626.836406249997,,,133.0,,,
839,XGBoost Regressor,2626.836406249997,,,624.0,,,
840,XGBoost Regressor,2626.836406249997,,,736.0,,,
841,XGBoost Regressor,2626.867656249997,,,72.0,,,
842,XGBoost Regressor,2626.836406249997,,,708.0,,,
843,XGBoost Regressor,2626.836406249997,,,631.0,,,
844,XGBoost Regressor,2626.836406249997,,,90.0,,,
845,XGBoost Regressor,2626.836406249997,,,364.0,,,
846,XGBoost Regressor,2626.836406249997,,,535.0,,,
847,XGBoost Regressor,2626.836406249997,,,239.0,,,
848,XGBoost Regressor,2626.836406249997,,,860.0,,,
849,XGBoost Regressor,2626.836406249997,,,1762.0,,,
850,XGBoost Regressor,2626.836406249997,,,1126.0,,,
851,XGBoost Regressor,2626.836406249997,,,1502.0,,,
852,XGBoost Regressor,2626.836406249997,,,590.0,,,
853,XGBoost Regressor,2626.836406249997,,,674.0,,,
854,XGBoost Regressor,2626.836406249997,,,1348.0,,,
855,XGBoost Regressor,2626.836406249997,,,996.0,,,
856,XGBoost Regressor,2626.836406249997,,,168.0,,,
857,XGBoost Regressor,2626.836406249997,,,1059.0,,,
858,XGBoost Regressor,2626.836406249997,,,1567.0,,,
859,XGBoost Regressor,2626.836406249997,,,1474.0,,,
860,XGBoost Regressor,2626.836406249997,,,895.0,,,
861,XGBoost Regressor,2626.836406249997,,,1388.0,,,
862,XGBoost Regressor,2626.836406249997,,,886.0,,,
863,XGBoost Regressor,2626.836406249997,,,877.0,,,
864,XGBoost Regressor,2626.836406249997,,,422.0,,,
865,XGBoost Regressor,2626.836406249997,,,926.0,,,
866,XGBoost Regressor,2626.836406249997,,,1644.0,,,
867,XGBoost Regressor,2626.836406249997,,,792.0,,,
868,XGBoost Regressor,2626.836406249997,,,219.0,,,
869,XGBoost Regressor,2626.836406249997,,,1100.0,,,
870,XGBoost Regressor,2626.836406249997,,,1674.0,,,
871,XGBoost Regressor,2626.836406249997,,,1883.0,,,
872,XGBoost Regressor,2626.836406249997,,,925.0,,,
873,XGBoost Regressor,2626.836406249997,,,824.0,,,
874,XGBoost Regressor,2626.836406249997,,,1033.0,,,
875,XGBoost Regressor,2626.836406249997,,,1248.0,,,
876,XGBoost Regressor,2626.836406249997,,,1843.0,,,
877,XGBoost Regressor,2626.836406249997,,,915.0,,,
878,LightGBM Regressor,7293.592265624997,,,913.0,,,
879,LightGBM Regressor,7293.592265624997,,,1117.0,,,
880,LightGBM Regressor,7293.592265624997,,,324.0,,,
881,LightGBM Regressor,7293.592265624997,,,610.0,,,
882,LightGBM Regressor,7293.592265624997,,,473.0,,,
883,LightGBM Regressor,7293.592265624997,,,140.0,,,
884,LightGBM Regressor,7293.592265624997,,,773.0,,,
885,LightGBM Regressor,7293.592265624997,,,1129.0,,,
886,LightGBM Regressor,7293.592265624997,,,1279.0,,,
887,LightGBM Regressor,7293.592265624997,,,519.0,,,
888,LightGBM Regressor,7293.592265624997,,,335.0,,,
889,LightGBM Regressor,7293.592265624997,,,364.0,,,
890,LightGBM Regressor,7293.592265624997,,,900.0,,,
891,LightGBM Regressor,7293.592265624997,,,341.0,,,
892,LightGBM Regressor,7293.592265624997,,,608.0,,,
893,LightGBM Regressor,7293.592265624997,,,53.0,,,
894,LightGBM Regressor,7293.592265624997,,,964.0,,,
895,LightGBM Regressor,7293.592265624997,,,1697.0,,,
896,LightGBM Regressor,7293.592265624997,,,1826.0,,,
897,LightGBM Regressor,7293.592265624997,,,1576.0,,,
898,LightGBM Regressor,7293.592265624997,,,694.0,,,
899,LightGBM Regressor,7293.592265624997,,,638.0,,,
900,LightGBM Regressor,7293.592265624997,,,1391.0,,,
901,LightGBM Regressor,7293.592265624997,,,465.0,,,
902,LightGBM Regressor,7293.592265624997,,,768.0,,,
903,LightGBM Regressor,7293.592265624997,,,56.0,,,
904,LightGBM Regressor,7293.592265624997,,,1021.0,,,
905,LightGBM Regressor,7293.592265624997,,,359.0,,,
906,LightGBM Regressor,7293.592265624997,,,683.0,,,
907,LightGBM Regressor,7293.592265624997,,,290.0,,,
908,LightGBM Regressor,7293.592265624997,,,553.0,,,
909,LightGBM Regressor,7293.592265624997,,,1347.0,,,
910,LightGBM Regressor,7293.592265624997,,,1649.0,,,
911,LightGBM Regressor,7293.592265624997,,,1462.0,,,
912,LightGBM Regressor,7293.592265624997,,,1381.0,,,
913,LightGBM Regressor,7293.592265624997,,,875.0,,,
914,LightGBM Regressor,7293.592265624997,,,90.0,,,
915,LightGBM Regressor,7293.592265624997,,,393.0,,,
916,LightGBM Regressor,7293.592265624997,,,905.0,,,
917,XGBoost Regressor,2626.836406249997,,,406.0,,,
918,XGBoost Regressor,2626.836406249997,,,1026.0,,,
919,XGBoost Regressor,2626.836406249997,,,252.0,,,
920,XGBoost Regressor,2626.836406249997,,,244.0,,,
921,XGBoost Regressor,2626.836406249997,,,312.0,,,
922,XGBoost Regressor,2626.836406249997,,,93.0,,,
923,XGBoost Regressor,2626.836406249997,,,365.0,,,
924,XGBoost Regressor,2626.836406249997,,,776.0,,,
925,XGBoost Regressor,2626.836406249997,,,342.0,,,
926,XGBoost Regressor,2626.836406249997,,,142.0,,,
927,XGBoost Regressor,2626.836406249997,,,299.0,,,
928,XGBoost Regressor,2626.836406249997,,,871.0,,,
929,XGBoost Regressor,2626.836406249997,,,1364.0,,,
930,XGBoost Regressor,2626.836406249997,,,1220.0,,,
931,XGBoost Regressor,2626.836406249997,,,791.0,,,
932,XGBoost Regressor,2626.836406249997,,,213.0,,,
933,XGBoost Regressor,2626.836406249997,,,286.0,,,
934,XGBoost Regressor,2626.836406249997,,,1233.0,,,
935,XGBoost Regressor,2626.836406249997,,,1461.0,,,
936,XGBoost Regressor,2626.836406249997,,,1431.0,,,
937,XGBoost Regressor,2626.836406249997,,,1931.0,,,
938,LightGBM Regressor,7293.592265624997,,,820.0,,,
939,LightGBM Regressor,7293.592265624997,,,319.0,,,
940,LightGBM Regressor,7293.592265624997,,,262.0,,,
941,LightGBM Regressor,7293.592265624997,,,387.0,,,
942,LightGBM Regressor,7293.592265624997,,,793.0,,,
943,LightGBM Regressor,7293.592265624997,,,1683.0,,,
944,LightGBM Regressor,7293.592265624997,,,1724.0,,,
945,LightGBM Regressor,7293.592265624997,,,1903.0,,,
946,XGBoost Regressor,2626.836406249997,,,1469.0,,,
947,XGBoost Regressor,2626.836406249997,,,613.0,,,
948,XGBoost Regressor,2626.836406249997,,,427.0,,,
949,XGBoost Regressor,2626.836406249997,,,153.0,,,
950,XGBoost Regressor,2626.836406249997,,,880.0,,,
951,XGBoost Regressor,2626.836406249997,,,817.0,,,
952,XGBoost Regressor,2626.836406249997,,,128.0,,,
953,XGBoost Regressor,2626.836406249997,,,851.0,,,
954,XGBoost Regressor,2626.836406249997,,,205.0,,,
955,XGBoost Regressor,2626.836406249997,,,190.0,,,
956,XGBoost Regressor,2626.836406249997,,,655.0,,,
957,XGBoost Regressor,2626.836406249997,,,1014.0,,,
958,XGBoost Regressor,2626.836406249997,,,333.0,,,
959,XGBoost Regressor,2626.836406249997,,,481.0,,,
960,XGBoost Regressor,2626.836406249997,,,637.0,,,
961,XGBoost Regressor,2626.836406249997,,,1010.0,,,
962,XGBoost Regressor,2626.836406249997,,,1220.0,,,
963,XGBoost Regressor,2626.836406249997,,,1309.0,,,
964,XGBoost Regressor,2626.836406249997,,,1584.0,,,
965,XGBoost Regressor,2626.836406249997,,,919.0,,,
966,XGBoost Regressor,2626.836406249997,,,1197.0,,,
967,XGBoost Regressor,2626.836406249997,,,290.0,,,
968,XGBoost Regressor,2626.836406249997,,,860.0,,,
969,XGBoost Regressor,2626.836406249997,,,396.0,,,
970,XGBoost Regressor,2626.836406249997,,,1200.0,,,
971,XGBoost Regressor,2626.836406249997,,,1378.0,,,
972,XGBoost Regressor,2626.836406249997,,,1618.0,,,
973,XGBoost Regressor,2626.836406249997,,,1135.0,,,
974,XGBoost Regressor,2626.836406249997,,,1292.0,,,
975,XGBoost Regressor,2626.836406249997,,,352.0,,,
976,XGBoost Regressor,2626.836406249997,,,260.0,,,
977,XGBoost Regressor,2626.836406249997,,,1027.0,,,
978,XGBoost Regressor,2626.836406249997,,,1008.0,,,
979,XGBoost Regressor,2626.836406249997,,,248.0,,,
980,XGBoost Regressor,2626.836406249997,,,223.0,,,
981,XGBoost Regressor,2626.836406249997,,,701.0,,,
982,XGBoost Regressor,2626.836406249997,,,483.0,,,
983,XGBoost Regressor,2626.836406249997,,,600.0,,,
984,XGBoost Regressor,2626.836406249997,,,1339.0,,,
985,XGBoost Regressor,2626.836406249997,,,1801.0,,,
986,XGBoost Regressor,2626.836406249997,,,1770.0,,,
987,XGBoost Regressor,2626.836406249997,,,1640.0,,,
988,XGBoost Regressor,2626.836406249997,,,1795.0,,,
989,XGBoost Regressor,2626.836406249997,,,1026.0,,,
990,XGBoost Regressor,2626.836406249997,,,148.0,,,
991,XGBoost Regressor,2626.836406249997,,,725.0,,,
992,XGBoost Regressor,2626.836406249997,,,659.0,,,
993,XGBoost Regressor,2626.836406249997,,,1321.0,,,
994,XGBoost Regressor,2626.836406249997,,,1513.0,,,
995,XGBoost Regressor,2626.836406249997,,,1711.0,,,
996,XGBoost Regressor,2626.836406249997,,,1275.0,,,
997,XGBoost Regressor,2626.836406249997,,,904.0,,,
998,XGBoost Regressor,2626.836406249997,,,1068.0,,,
999,XGBoost Regressor,2626.836406249997,,,197.0,,,
1000,XGBoost Regressor,2626.836406249997,,,870.0,,,
1001,XGBoost Regressor,2626.836406249997,,,1506.0,,,
1002,XGBoost Regressor,2626.836406249997,,,669.0,,,
1003,XGBoost Regressor,2626.836406249997,,,805.0,,,
1004,XGBoost Regressor,2626.836406249997,,,1454.0,,,
1005,XGBoost Regressor,2626.836406249997,,,819.0,,,
1006,XGBoost Regressor,2626.836406249997,,,1242.0,,,
1007,XGBoost Regressor,2626.836406249997,,,1882.0,,,
1008,XGBoost Regressor,2626.836406249997,,,1781.0,,,
1009,XGBoost Regressor,2626.836406249997,,,1968.0,,,
1010,XGBoost Regressor,2626.836406249997,,,1975.0,,,
1011,XGBoost Regressor,2626.836406249997,,,1146.0,,,
1012,XGBoost Regressor,2626.836406249997,,,452.0,,,
1013,XGBoost Regressor,2626.836406249997,,,445.0,,,
1014,XGBoost Regressor,2626.836406249997,,,1261.0,,,
1015,XGBoost Regressor,2626.836406249997,,,570.0,,,
1016,XGBoost Regressor,2626.996562499997,,,63.0,,,
1017,XGBoost Regressor,2626.836406249997,,,730.0,,,
1018,XGBoost Regressor,2626.836406249997,,,925.0,,,
1019,XGBoost Regressor,2626.836406249997,,,357.0,,,
1020,XGBoost Regressor,2626.836406249997,,,193.0,,,
1021,XGBoost Regressor,2626.836406249997,,,396.0,,,
1022,XGBoost Regressor,2626.836406249997,,,431.0,,,
1023,XGBoost Regressor,2626.836406249997,,,507.0,,,
1024,XGBoost Regressor,2626.836406249997,,,612.0,,,
1025,XGBoost Regressor,2626.836406249997,,,1304.0,,,
1026,XGBoost Regressor,2626.836406249997,,,645.0,,,
1027,XGBoost Regressor,2626.836406249997,,,778.0,,,
1028,XGBoost Regressor,2626.836406249997,,,1035.0,,,
1029,XGBoost Regressor,2626.836406249997,,,739.0,,,
1030,XGBoost Regressor,2626.836406249997,,,182.0,,,
1031,XGBoost Regressor,2626.836406249997,,,264.0,,,
1032,XGBoost Regressor,2626.836406249997,,,397.0,,,
1033,XGBoost Regressor,2626.836406249997,,,666.0,,,
1034,XGBoost Regressor,2626.836406249997,,,902.0,,,
1035,XGBoost Regressor,2626.836406249997,,,715.0,,,
1036,XGBoost Regressor,2626.836406249997,,,118.0,,,
1037,XGBoost Regressor,2626.836406249997,,,409.0,,,
1038,XGBoost Regressor,2626.836406249997,,,350.0,,,
1039,XGBoost Regressor,2626.836406249997,,,513.0,,,
1040,XGBoost Regressor,2626.836406249997,,,135.0,,,
1041,XGBoost Regressor,2626.836406249997,,,971.0,,,
1042,XGBoost Regressor,2626.836406249997,,,1798.0,,,
1043,XGBoost Regressor,2626.836406249997,,,1929.0,,,
1044,XGBoost Regressor,2626.836406249997,,,1959.0,,,
1045,XGBoost Regressor,2626.836406249997,,,1309.0,,,
1046,XGBoost Regressor,2626.836406249997,,,410.0,,,
1047,XGBoost Regressor,2626.836406249997,,,1250.0,,,
1048,XGBoost Regressor,2626.836406249997,,,569.0,,,
1049,XGBoost Regressor,2626.836406249997,,,1490.0,,,
1050,XGBoost Regressor,2626.836406249997,,,1122.0,,,
1051,XGBoost Regressor,2626.836406249997,,,173.0,,,
1052,XGBoost Regressor,2626.836406249997,,,1103.0,,,
1053,XGBoost Regressor,2626.836406249997,,,898.0,,,
1054,XGBoost Regressor,2626.949687499997,,,65.0,,,
1055,XGBoost Regressor,2626.836406249997,,,749.0,,,
1056,XGBoost Regressor,2626.836406249997,,,438.0,,,
1057,XGBoost Regressor,2626.836406249997,,,491.0,,,
1058,XGBoost Regressor,2626.836406249997,,,1143.0,,,
1059,XGBoost Regressor,2626.836406249997,,,1308.0,,,
1060,XGBoost Regressor,2626.836406249997,,,1137.0,,,
1061,XGBoost Regressor,2626.836406249997,,,610.0,,,
1062,XGBoost Regressor,2626.836406249997,,,799.0,,,
1063,XGBoost Regressor,2626.836406249997,,,1397.0,,,
1064,XGBoost Regressor,2626.836406249997,,,1248.0,,,
1065,XGBoost Regressor,2626.836406249997,,,1186.0,,,
1066,XGBoost Regressor,2626.836406249997,,,375.0,,,
1067,XGBoost Regressor,2626.836406249997,,,676.0,,,
1068,XGBoost Regressor,2626.836406249997,,,1376.0,,,
1069,XGBoost Regressor,2626.836406249997,,,1072.0,,,
1070,XGBoost Regressor,2626.836406249997,,,1546.0,,,
1071,XGBoost Regressor,2626.836406249997,,,1652.0,,,
1072,XGBoost Regressor,2626.836406249997,,,1927.0,,,
1073,XGBoost Regressor,2626.836406249997,,,1447.0,,,
1074,XGBoost Regressor,2626.836406249997,,,1675.0,,,
1075,XGBoost Regressor,2626.836406249997,,,1313.0,,,
1076,XGBoost Regressor,2626.836406249997,,,1812.0,,,
1077,XGBoost Regressor,2626.836406249997,,,1969.0,,,
1078,XGBoost Regressor,2626.836406249997,,,1401.0,,,
1079,XGBoost Regressor,2626.836406249997,,,1736.0,,,
1080,XGBoost Regressor,2626.836406249997,,,851.0,,,
1081,XGBoost Regressor,2626.836406249997,,,543.0,,,
1082,XGBoost Regressor,2626.836406249997,,,1341.0,,,
1083,XGBoost Regressor,2626.836406249997,,,1557.0,,,
1084,XGBoost Regressor,2626.836406249997,,,953.0,,,
1085,XGBoost Regressor,2626.836406249997,,,1175.0,,,
1086,XGBoost Regressor,2626.836406249997,,,1915.0,,,
1087,XGBoost Regressor,2626.836406249997,,,1825.0,,,
1088,XGBoost Regressor,2626.836406249997,,,887.0,,,
1089,XGBoost Regressor,2626.836406249997,,,1073.0,,,
1090,XGBoost Regressor,2626.836406249997,,,191.0,,,
1091,XGBoost Regressor,2626.836406249997,,,323.0,,,
1092,XGBoost Regressor,2626.836406249997,,,460.0,,,
1093,XGBoost Regressor,2626.836406249997,,,214.0,,,
1094,XGBoost Regressor,2626.836406249997,,,1010.0,,,
1095,XGBoost Regressor,2626.836406249997,,,1581.0,,,
1096,XGBoost Regressor,2626.836406249997,,,1714.0,,,
1097,XGBoost Regressor,2626.836406249997,,,1024.0,,,
1098,XGBoost Regressor,2626.836406249997,,,341.0,,,
1099,XGBoost Regressor,2626.836406249997,,,799.0,,,
1100,XGBoost Regressor,2626.836406249997,,,131.0,,,
1101,XGBoost Regressor,2626.836406249997,,,749.0,,,
1102,XGBoost Regressor,2626.836406249997,,,341.0,,,
1103,XGBoost Regressor,2626.836406249997,,,310.0,,,
1104,XGBoost Regressor,2626.836406249997,,,396.0,,,
1105,XGBoost Regressor,2626.836406249997,,,177.0,,,
1106,XGBoost Regressor,2626.836406249997,,,440.0,,,
1107,XGBoost Regressor,2626.836406249997,,,188.0,,,
1108,XGBoost Regressor,2626.836406249997,,,742.0,,,
1109,XGBoost Regressor,2626.836406249997,,,391.0,,,
1110,XGBoost Regressor,2626.836406249997,,,1195.0,,,
1111,XGBoost Regressor,2626.836406249997,,,673.0,,,
1112,XGBoost Regressor,2626.836406249997,,,740.0,,,
1113,XGBoost Regressor,2626.836406249997,,,1254.0,,,
1114,XGBoost Regressor,2626.836406249997,,,1343.0,,,
1115,XGBoost Regressor,2626.836406249997,,,1721.0,,,
1116,XGBoost Regressor,2626.836406249997,,,982.0,,,
1117,XGBoost Regressor,2626.836406249997,,,187.0,,,
1118,XGBoost Regressor,2626.836406249997,,,1034.0,,,
1119,XGBoost Regressor,2626.836406249997,,,1022.0,,,
1120,XGBoost Regressor,2626.836406249997,,,1653.0,,,
1121,XGBoost Regressor,2626.836406249997,,,912.0,,,
1122,XGBoost Regressor,2626.836406249997,,,771.0,,,
1123,XGBoost Regressor,2626.836406249997,,,1589.0,,,
1124,XGBoost Regressor,2626.836406249997,,,1222.0,,,
1125,XGBoost Regressor,2626.836406249997,,,1631.0,,,
1126,XGBoost Regressor,2626.836406249997,,,1806.0,,,
1127,XGBoost Regressor,2626.836406249997,,,1865.0,,,
1128,XGBoost Regressor,2626.836406249997,,,1111.0,,,
1129,XGBoost Regressor,2626.836406249997,,,913.0,,,
1130,XGBoost Regressor,2626.836406249997,,,364.0,,,
1131,XGBoost Regressor,2626.836406249997,,,1126.0,,,
1132,XGBoost Regressor,2626.836406249997,,,1023.0,,,
1133,XGBoost Regressor,2626.836406249997,,,469.0,,,
1134,XGBoost Regressor,2626.836406249997,,,1383.0,,,
1135,XGBoost Regressor,2626.836406249997,,,1310.0,,,
1136,XGBoost Regressor,2626.836406249997,,,1698.0,,,
1137,XGBoost Regressor,2626.836406249997,,,998.0,,,
1138,XGBoost Regressor,2626.836406249997,,,1883.0,,,
1139,XGBoost Regressor,2626.836406249997,,,1974.0,,,
1140,XGBoost Regressor,2626.836406249997,,,1538.0,,,
1141,XGBoost Regressor,2626.836406249997,,,966.0,,,
1142,XGBoost Regressor,2626.836406249997,,,1218.0,,,
1143,XGBoost Regressor,2626.836406249997,,,755.0,,,
1144,XGBoost Regressor,2626.836406249997,,,152.0,,,
1145,XGBoost Regressor,2626.836406249997,,,941.0,,,
1146,XGBoost Regressor,2626.836406249997,,,1046.0,,,
1147,XGBoost Regressor,2626.836406249997,,,774.0,,,
1148,XGBoost Regressor,2626.836406249997,,,1452.0,,,
1149,XGBoost Regressor,2626.836406249997,,,1146.0,,,
1150,XGBoost Regressor,2626.836406249997,,,1428.0,,,
1151,XGBoost Regressor,2626.836406249997,,,1185.0,,,
1152,XGBoost Regressor,2626.836406249997,,,1278.0,,,
1153,XGBoost Regressor,2626.836406249997,,,664.0,,,
1154,XGBoost Regressor,2626.836406249997,,,1463.0,,,
1155,XGBoost Regressor,2626.836406249997,,,1869.0,,,
1156,XGBoost Regressor,2626.836406249997,,,1540.0,,,
1157,XGBoost Regressor,2626.836406249997,,,1668.0,,,
1158,XGBoost Regressor,2626.836406249997,,,1848.0,,,
1159,XGBoost Regressor,2626.836406249997,,,988.0,,,
1160,XGBoost Regressor,2626.836406249997,,,1108.0,,,
1161,XGBoost Regressor,2626.836406249997,,,1570.0,,,
1162,XGBoost Regressor,2626.836406249997,,,1634.0,,,
1163,XGBoost Regressor,2626.836406249997,,,1007.0,,,
1164,XGBoost Regressor,2626.836406249997,,,205.0,,,
1165,XGBoost Regressor,2626.836406249997,,,134.0,,,
1166,XGBoost Regressor,2626.836406249997,,,164.0,,,
1167,XGBoost Regressor,2626.836406249997,,,150.0,,,
1168,XGBoost Regressor,2626.836406249997,,,276.0,,,
1169,XGBoost Regressor,2626.836406249997,,,228.0,,,
1170,XGBoost Regressor,2626.836406249997,,,661.0,,,
1171,XGBoost Regressor,2626.836406249997,,,986.0,,,
