0,1,2,3,4,5
316.0,1.0,2.0,1.0,43.8518852,-79.336294
341.0,2.0,2.0,0.0,43.6476244,-79.3968608
247.0,2.0,2.0,0.0,43.6092614,-79.558998
434.0,1.0,1.0,0.0,43.6460983,-79.37605490000001
524.0,1.0,1.0,0.0,43.6465801,-79.3998612
418.0,1.0,1.0,0.0,43.6505597,-79.38207220000001
139.0,2.0,2.0,0.0,43.64310510000001,-79.375906
5.0,1.0,1.0,0.0,43.63859229999999,-79.40099479999999
430.0,2.0,2.0,0.0,43.6460058,-79.38990849999999
418.0,1.0,1.0,0.0,43.6505597,-79.38207220000001
438.0,1.0,1.0,0.0,43.6524873,-79.3896218
47.0,2.0,1.0,0.0,43.6923489,-79.3196212
511.0,3.0,2.0,0.0,56.130366,-106.346771
407.0,1.0,1.0,1.0,43.6423708,-79.42419050000001
245.0,1.0,1.0,0.0,43.705123,-79.5300905
266.0,1.0,1.0,0.0,43.6655881,-79.383028
435.0,1.0,1.0,0.0,43.6652335,-79.3842932
240.0,1.0,1.0,1.0,43.64738010000001,-79.3872741
82.0,1.0,1.0,0.0,43.682588,-79.417815
198.0,2.0,2.0,0.0,43.6444084,-79.37656170000001
164.0,2.0,1.5,0.0,43.3316744,-79.81535440000002
323.0,2.0,2.0,0.0,43.84993789999999,-79.3275055
41.0,2.0,1.0,0.0,43.6412101,-79.3938921
210.0,1.0,1.0,0.0,43.6438459,-79.391824
109.0,1.0,2.0,1.0,43.6402232,-79.395951
23.0,1.0,1.0,0.0,43.6598307,-79.3805207
16.0,1.0,1.0,0.0,43.65506920000001,-79.38747049999999
40.0,1.0,1.0,0.0,43.6709659,-79.3905934
123.0,1.0,1.0,0.0,43.6695928,-79.3805797
34.0,1.0,1.0,0.0,43.769790500000006,-79.4160562
228.0,2.0,2.0,0.0,43.6487831,-79.3880423
211.0,1.0,1.0,0.0,43.6438459,-79.391824
165.0,2.0,2.0,0.0,43.6356261,-79.4268735
104.0,1.0,1.0,0.0,43.6488576,-79.3781453
85.0,1.0,1.0,1.0,43.6468281,-79.40242409999999
336.0,1.0,1.0,0.0,43.7486405,-79.4371391
318.0,1.0,1.0,1.0,43.6618956,-79.3857479
414.0,1.0,1.0,1.0,43.6400685,-79.39996040000001
172.0,1.0,1.0,0.0,43.6777793,-79.28619309999999
462.0,1.0,1.0,0.0,43.6485726,-79.37627540000001
175.0,1.0,1.0,0.0,43.6450775,-79.3643417
295.0,2.0,1.0,0.0,43.6519582,-79.3688547
60.0,1.0,1.0,0.0,43.64005770000001,-79.379201
260.0,1.0,1.0,0.0,43.653075,-79.37017900000001
200.0,1.0,1.0,0.0,43.6721931,-79.38786640000001
115.0,1.0,1.0,1.0,43.6410868,-79.3814048
370.0,1.0,1.0,1.0,43.65598789999999,-79.35887690000001
366.0,1.0,1.0,0.0,43.6679021,-79.3756819
26.0,1.0,1.0,1.0,43.8533775,-79.32543129999999
177.0,1.0,1.0,0.0,43.6565308,-79.38600490000002
247.0,2.0,2.0,0.0,43.6092614,-79.558998
105.0,1.0,1.0,0.0,43.640845500000005,-79.4143193
16.0,1.0,1.0,0.0,43.65506920000001,-79.38747049999999
234.0,1.0,2.0,1.0,43.627447100000005,-79.4783741
204.0,1.0,1.0,1.0,43.6415846,-79.3826205
426.0,2.0,2.0,0.0,43.6619074,-79.3782085
468.0,1.0,1.0,1.0,43.6852857,-79.7614922
361.0,2.0,2.0,0.0,43.761461100000005,-79.4098016
127.0,1.0,1.0,0.0,43.6695928,-79.3805797
475.0,2.0,1.0,0.0,43.66053970000001,-79.37866170000001
540.0,1.0,1.0,0.0,43.662091,-79.4332913
502.0,2.0,1.0,0.0,43.8849512,-78.83260159999999
386.0,1.0,1.0,0.0,43.6699315,-79.3754627
419.0,2.0,1.0,0.0,43.3289855,-79.80861829999999
168.0,3.0,2.0,0.0,43.6419081,-79.38177979999999
425.0,1.0,1.0,0.0,43.6676141,-79.38645890000001
143.0,1.0,1.0,0.0,43.653978,-79.3541341
57.0,1.0,1.0,0.0,43.6487423,-79.37849720000001
197.0,2.0,1.0,0.0,43.6887398,-79.7642676
156.0,1.0,1.0,0.0,43.6489727,-79.3872946
404.0,1.0,1.0,1.0,43.6568825,-79.3835616
274.0,1.0,1.0,0.0,43.6476273,-79.39040809999999
204.0,1.0,1.0,0.0,43.6415846,-79.3826205
526.0,1.0,1.0,0.0,43.647632,-79.39296259999999
0.0,1.0,1.0,0.0,43.6520426,-79.4022416
381.0,1.0,1.0,0.0,43.66472329999999,-79.38408359999998
434.0,2.0,1.5,0.0,43.6460983,-79.37605490000001
374.0,2.0,2.0,0.0,43.66914570000001,-79.3759018
284.0,1.0,1.0,0.0,43.6489001,-79.392205
153.0,1.0,1.0,1.0,43.8275826,-79.0913806
168.0,3.0,2.0,0.0,43.6419081,-79.38177979999999
321.0,2.0,2.0,0.0,43.5798725,-79.6462449
133.0,2.0,2.0,0.0,43.6394055,-79.3932324
179.0,2.0,1.0,0.0,43.6415328,-79.4240715
218.0,1.0,1.0,0.0,43.6398173,-79.43737970000001
123.0,1.0,1.0,0.0,43.6695928,-79.3805797
9.0,1.0,1.0,1.0,43.8413607,-79.3201494
236.0,1.0,1.0,1.0,43.6095324,-79.5570952
427.0,2.0,2.0,0.0,43.6651058,-79.37690090000001
260.0,1.0,1.0,0.0,43.653075,-79.37017900000001
291.0,1.0,1.0,1.0,43.6426791,-79.3769938
467.0,1.0,1.0,0.0,43.6606054,-79.37863540000001
397.0,1.0,1.0,0.0,43.6468075,-79.40279790000001
458.0,1.0,1.0,0.0,43.670811,-79.3852395
119.0,1.0,1.0,1.0,43.6418064,-79.3789807
383.0,2.0,1.0,0.0,43.885455,-78.8354375
415.0,1.0,1.0,1.0,43.6385213,-79.39946379999999
467.0,1.0,1.0,0.0,43.6606054,-79.37863540000001
196.0,2.0,1.0,0.0,43.6415686,-79.42460279999999
372.0,1.0,1.0,1.0,43.6358692,-79.54015179999999
207.0,1.0,1.0,0.0,43.6567414,-79.3699948
337.0,1.0,1.0,0.0,43.6693009,-79.3841709
339.0,2.0,2.0,0.0,43.660269,-79.38280019999999
140.0,1.0,1.0,1.0,43.6418726,-79.3819064
365.0,1.0,1.5,0.0,43.6471397,-79.5265814
318.0,1.0,1.0,1.0,43.6618956,-79.3857479
284.0,1.0,1.0,0.0,43.6489001,-79.392205
144.0,1.0,1.0,1.0,43.653978,-79.3541341
429.0,1.0,1.0,0.0,43.78318970000001,-79.5985666
122.0,2.0,2.0,0.0,43.6695928,-79.3805797
217.0,1.0,1.0,0.0,43.6371527,-79.4270923
315.0,2.0,1.0,0.0,43.4443781,-79.68306700000001
438.0,1.0,1.0,0.0,43.6524873,-79.3896218
471.0,2.0,1.0,0.0,43.6661636,-79.4276187
185.0,2.0,2.0,0.0,43.626966,-79.4784876
37.0,2.0,2.0,0.0,43.665234000000005,-79.3839957
246.0,1.0,1.0,0.0,43.6710818,-79.38074350000001
11.0,2.0,2.0,0.0,43.4422541,-79.6731017
275.0,2.0,1.0,0.0,43.6403508,-79.42752159999999
271.0,1.0,1.0,0.0,43.647870000000005,-79.391138
438.0,1.0,1.0,0.0,43.6524873,-79.3896218
125.0,1.0,1.0,0.0,43.6475126,-79.3927022
1.0,1.0,1.0,0.0,43.3267271,-79.8021823
373.0,2.0,2.0,0.0,43.2464154,-79.85413840000001
535.0,1.0,1.0,0.0,43.64717460000001,-79.5202966
530.0,1.0,1.0,0.0,43.644460200000005,-79.4024689
311.0,2.0,2.0,0.0,43.6490882,-79.3762537
207.0,1.0,1.0,0.0,43.6567414,-79.3699948
140.0,1.0,1.0,1.0,43.6418726,-79.3819064
248.0,2.0,1.0,0.0,43.336221,-79.78690040000001
314.0,2.0,1.0,0.0,43.645641,-79.39295340000001
418.0,1.0,1.0,0.0,43.6505597,-79.38207220000001
466.0,1.0,1.0,0.0,43.6606054,-79.37863540000001
289.0,1.0,1.0,0.0,43.6589956,-79.4296933
160.0,2.0,1.0,0.0,43.3451932,-79.82612879999999
445.0,1.0,1.0,1.0,43.661927,-79.3865112
482.0,1.0,1.0,0.0,43.5494504,-79.719706
445.0,1.0,1.0,1.0,43.661927,-79.3865112
446.0,1.0,1.0,0.0,43.7087795,-79.4447062
131.0,2.0,2.0,0.0,43.6669805,-79.38888890000001
196.0,2.0,1.0,0.0,43.6415686,-79.42460279999999
206.0,2.0,2.0,0.0,43.960557,-78.164838
107.0,2.0,2.0,0.0,43.6458091,-79.3756819
431.0,2.0,1.0,0.0,43.8978185,-78.863977
480.0,1.0,1.0,0.0,43.6608355,-79.3858556
219.0,1.0,1.0,1.0,43.658981,-79.36291899999999
149.0,2.0,2.0,0.0,43.3173164,-79.8051158
35.0,1.0,2.0,1.0,43.7749828,-79.34509609999999
67.0,1.0,1.0,0.0,43.6464345,-79.3918689
229.0,2.0,2.0,0.0,43.84968,-79.3284796
184.0,1.0,1.0,0.0,43.670320200000006,-79.39443320000001
161.0,2.0,1.0,0.0,43.320557,-79.803979
495.0,2.0,1.0,0.0,43.8792747,-78.9346733
419.0,2.0,1.0,0.0,43.3289855,-79.80861829999999
439.0,2.0,2.0,0.0,43.8497521,-79.32466629999999
260.0,1.0,1.0,0.0,43.653075,-79.37017900000001
534.0,1.0,1.0,0.0,43.669450700000006,-79.38747049999999
117.0,1.0,1.0,0.0,43.6410868,-79.3814048
514.0,2.0,1.0,0.0,43.6757718,-79.41148309999998
145.0,1.0,1.0,0.0,43.6521506,-79.3754775
419.0,2.0,1.0,0.0,43.3289855,-79.80861829999999
266.0,1.0,1.0,0.0,43.6655881,-79.383028
106.0,2.0,2.0,0.0,43.6458091,-79.3756819
459.0,1.0,1.0,1.0,43.6417851,-79.3790058
199.0,2.0,2.0,0.0,43.6444084,-79.37656170000001
70.0,1.0,1.0,0.0,43.64514929999999,-79.39081329999999
155.0,1.0,1.0,0.0,43.6399343,-79.4164454
439.0,2.0,2.0,0.0,43.8497521,-79.32466629999999
120.0,1.0,1.0,0.0,43.6418064,-79.3789807
405.0,2.0,1.0,0.0,43.6383993,-79.41444820000001
348.0,1.0,1.0,0.0,43.3202733,-79.8031017
194.0,2.0,2.0,0.0,43.6551919,-79.3539119
306.0,1.0,1.0,1.0,43.6430505,-79.3916429
306.0,1.0,1.0,1.0,43.6430505,-79.3916429
307.0,1.0,1.0,0.0,43.660846,-79.3787556
444.0,2.0,2.0,0.0,43.856879600000006,-79.324595
222.0,2.0,1.0,0.0,43.8534989,-79.0801505
472.0,1.0,1.0,0.0,43.6349738,-79.43518590000001
53.0,2.0,2.0,0.0,43.6459244,-79.37532990000001
539.0,1.0,1.0,0.0,43.675507200000006,-79.41500090000001
268.0,1.0,1.0,0.0,43.958753,-78.1772499
416.0,1.0,1.0,1.0,43.6400685,-79.39996040000001
527.0,2.0,1.0,0.0,43.9491784,-78.2934468
508.0,1.0,1.0,0.0,43.666988700000005,-79.3146912
411.0,1.0,1.0,0.0,43.780021000000005,-79.2948144
212.0,2.0,2.0,0.0,43.6375235,-79.40087700000001
173.0,2.0,2.0,0.0,43.33245529999999,-79.8093698
242.0,1.0,1.0,0.0,43.7046478,-79.5275537
157.0,1.0,1.0,0.0,43.6489727,-79.3872946
454.0,1.0,1.0,1.0,43.6469441,-79.3923973
490.0,1.0,1.0,0.0,43.654262,-79.385975
138.0,1.0,1.0,0.0,43.8516467,-79.326656
428.0,2.0,2.0,0.0,43.6601367,-79.3858692
547.0,2.0,2.0,0.0,43.6423144,-79.3812291
84.0,1.0,1.0,0.0,43.6659564,-79.4047989
29.0,1.0,1.0,1.0,43.5897603,-79.6484562
504.0,1.0,1.0,0.0,43.8786049,-79.48796490000001
79.0,1.0,1.0,0.0,43.5971347,-79.52328320000001
486.0,1.0,1.0,1.0,43.5860554,-79.6442402
301.0,1.0,1.0,0.0,43.6599474,-79.4308197
288.0,2.0,2.0,0.0,43.6531574,-79.3686431
119.0,1.0,1.0,0.0,43.6418064,-79.3789807
495.0,2.0,1.0,0.0,43.8792747,-78.9346733
129.0,1.0,1.0,0.0,43.65221029999999,-79.3707988
259.0,2.0,1.0,0.0,43.6911466,-79.4714355
192.0,2.0,2.0,0.0,43.6551919,-79.3539119
551.0,3.0,2.0,0.0,43.6848515,-79.77555770000001
141.0,1.0,1.0,0.0,43.6418726,-79.3819064
388.0,1.0,1.0,0.0,43.6701586,-79.3756379
394.0,2.0,2.0,0.0,43.6366681,-79.40044509999998
117.0,1.0,1.0,0.0,43.6410868,-79.3814048
223.0,2.0,2.0,0.0,43.338737,-79.8100685
359.0,1.0,1.0,0.0,43.6397355,-79.3904175
245.0,3.0,1.5,0.0,43.705123,-79.5300905
139.0,2.0,2.0,0.0,43.64310510000001,-79.375906
181.0,1.0,1.0,1.0,43.6739944,-79.44168499999999
418.0,1.0,1.0,0.0,43.6505597,-79.38207220000001
536.0,1.0,1.0,0.0,43.673962200000005,-79.40163249999999
45.0,1.0,1.0,0.0,43.7004274,-79.2961132
58.0,1.0,1.0,0.0,43.648841100000006,-79.3779693
255.0,1.0,1.0,0.0,43.661198,-79.3816644
349.0,1.0,1.0,0.0,43.6527574,-79.3665108
140.0,1.0,1.0,1.0,43.6418726,-79.3819064
327.0,2.0,2.0,0.0,43.5816391,-79.648193
313.0,3.0,2.5,0.0,43.965673,-78.1577347
160.0,2.0,1.0,0.0,43.3451932,-79.82612879999999
388.0,1.0,1.0,0.0,43.6701586,-79.3756379
322.0,2.0,2.0,0.0,43.6416207,-79.3717276
292.0,1.0,1.0,0.0,43.69840429999999,-79.3948245
344.0,1.0,1.0,0.0,43.6660964,-79.3873217
225.0,2.0,2.0,0.0,43.6611027,-79.3821061
489.0,1.0,1.0,0.0,43.558352500000005,-79.5788687
455.0,1.0,1.0,1.0,43.6469441,-79.3923973
152.0,1.0,1.0,1.0,43.8275826,-79.0913806
186.0,2.0,2.0,0.0,43.6500917,-79.3873738
22.0,1.0,1.0,1.0,43.6469126,-79.3902415
420.0,2.0,1.0,0.0,43.3289855,-79.80861829999999
161.0,3.0,1.5,0.0,43.320557,-79.803979
271.0,1.0,1.0,0.0,43.647870000000005,-79.391138
266.0,2.0,2.0,0.0,43.6655881,-79.383028
202.0,1.0,1.0,0.0,43.850094,-79.3234946
183.0,1.0,1.0,0.0,43.6455947,-79.38606300000001
327.0,2.0,2.0,0.0,43.5816391,-79.648193
357.0,2.0,2.0,0.0,43.6374534,-79.41838659999999
379.0,2.0,2.0,0.0,43.6594213,-79.36102509999999
368.0,1.0,1.0,0.0,43.6387003,-79.4121833
475.0,1.0,1.5,1.0,43.66053970000001,-79.37866170000001
137.0,1.0,1.0,0.0,43.6867088,-79.3992577
545.0,1.0,1.0,0.0,43.65470379999999,-79.3789125
396.0,1.0,1.0,0.0,43.6575221,-79.3899928
21.0,3.0,2.0,0.0,43.6467641,-79.3922208
273.0,1.0,1.0,1.0,43.7957594,-79.5204723
472.0,1.0,1.0,0.0,43.6349738,-79.43518590000001
317.0,1.0,1.0,0.0,43.6575994,-79.38364
349.0,1.0,1.0,0.0,43.6527574,-79.3665108
33.0,1.0,1.0,0.0,43.7959865,-79.4158363
335.0,1.0,1.0,1.0,43.8297388,-79.56567790000001
158.0,1.0,1.0,0.0,43.6535202,-79.37377020000001
245.0,2.0,1.0,0.0,43.705123,-79.5300905
116.0,2.0,2.0,0.0,43.6410868,-79.3814048
485.0,1.0,1.0,0.0,43.643136600000005,-79.3805285
433.0,1.0,1.0,1.0,43.6460983,-79.37605490000001
264.0,1.0,1.0,0.0,43.6281687,-80.041462
245.0,3.0,1.5,0.0,43.705123,-79.5300905
209.0,2.0,2.0,0.0,43.6367119,-79.4206384
261.0,1.0,1.0,0.0,44.0060219,-77.88815240000001
129.0,1.0,1.0,0.0,43.65221029999999,-79.3707988
227.0,1.0,1.0,1.0,43.6403804,-79.3973372
60.0,1.0,1.0,0.0,43.64005770000001,-79.379201
551.0,2.0,1.0,0.0,43.6848515,-79.77555770000001
399.0,3.0,2.0,0.0,43.5942563,-79.6029457
19.0,1.0,1.0,1.0,43.6629771,-79.386217
467.0,1.0,1.0,0.0,43.6606054,-79.37863540000001
294.0,1.0,1.0,0.0,43.6397558,-79.3772708
174.0,1.0,1.0,1.0,43.6405271,-79.397104
217.0,1.0,1.0,0.0,43.6371527,-79.4270923
221.0,1.0,1.0,0.0,43.3349584,-79.8078173
233.0,2.0,1.0,0.0,43.8920474,-78.86086800000001
533.0,2.0,2.0,0.0,43.6504185,-79.38179079999999
248.0,2.0,1.0,0.0,43.336221,-79.78690040000001
449.0,3.0,2.0,0.0,43.6387842,-79.3988635
10.0,1.0,1.0,0.0,43.8561002,-79.3370188
217.0,2.0,1.0,0.0,43.6371527,-79.4270923
407.0,1.0,1.0,0.0,43.6423708,-79.42419050000001
327.0,2.0,2.0,0.0,43.5816391,-79.648193
466.0,1.0,1.5,1.0,43.6606054,-79.37863540000001
240.0,1.0,1.0,1.0,43.64738010000001,-79.3872741
509.0,1.0,1.0,1.0,56.130366,-106.346771
511.0,3.0,2.0,0.0,56.130366,-106.346771
422.0,1.0,1.0,0.0,44.1144545,-79.5676753
378.0,2.0,2.0,0.0,43.6594213,-79.36102509999999
81.0,1.0,1.0,0.0,43.645271,-79.37639509999998
113.0,2.0,2.0,0.0,43.6232891,-79.48369509999999
439.0,1.0,2.0,1.0,43.8497521,-79.32466629999999
501.0,1.0,1.0,0.0,43.66878270000001,-79.3799595
355.0,1.0,1.0,0.0,43.6515793,-79.39008000000001
109.0,1.0,1.0,0.0,43.6402232,-79.395951
407.0,2.0,2.0,0.0,43.6423708,-79.42419050000001
439.0,2.0,2.0,0.0,43.8497521,-79.32466629999999
130.0,1.0,1.0,1.0,43.7505012,-79.4639723
546.0,1.0,1.0,0.0,43.85631,-79.3286298
143.0,1.0,1.0,0.0,43.653978,-79.3541341
154.0,2.0,1.0,0.0,43.683063,-79.771759
151.0,2.0,1.0,0.0,43.8791605,-78.86024880000001
353.0,2.0,1.0,0.0,43.7716173,-79.4432608
291.0,1.0,1.0,0.0,43.6426791,-79.3769938
9.0,1.0,1.0,1.0,43.8413607,-79.3201494
467.0,3.0,1.0,0.0,43.6606054,-79.37863540000001
332.0,1.0,1.0,1.0,43.585168200000005,-79.64606690000001
484.0,1.0,1.0,0.0,43.6462197,-79.3981256
281.0,1.0,1.0,0.0,43.6441737,-79.3894209
281.0,1.0,1.0,0.0,43.6441737,-79.3894209
392.0,1.0,1.0,0.0,43.6249946,-79.4790453
270.0,2.0,2.0,0.0,43.647870000000005,-79.391138
483.0,1.0,1.5,0.0,44.1210692,-79.5649097
157.0,1.0,1.0,0.0,43.6489727,-79.3872946
27.0,2.0,2.0,0.0,43.8427424,-79.2706616
450.0,2.0,2.0,0.0,43.6387842,-79.3988635
159.0,2.0,2.0,0.0,43.3227584,-79.8071317
454.0,1.0,1.0,0.0,43.6469441,-79.3923973
248.0,2.0,1.0,0.0,43.336221,-79.78690040000001
117.0,2.0,2.0,0.0,43.6410868,-79.3814048
140.0,1.0,1.0,1.0,43.6418726,-79.3819064
525.0,1.0,1.0,1.0,43.64894,-79.378086
419.0,2.0,1.0,0.0,43.3289855,-79.80861829999999
333.0,1.0,1.0,1.0,43.5864127,-79.6471538
205.0,3.0,1.5,0.0,43.6411088,-79.419448
508.0,1.0,1.0,0.0,43.666988700000005,-79.3146912
18.0,1.0,1.0,0.0,43.717321000000005,-79.42485
275.0,2.0,1.0,0.0,43.6403508,-79.42752159999999
474.0,2.0,2.0,0.0,43.91379129999999,-78.68786920000001
395.0,1.0,1.0,0.0,43.6367593,-79.3978503
552.0,1.0,1.0,1.0,43.7672565,-79.22273390000001
275.0,3.0,1.0,0.0,43.6403508,-79.42752159999999
124.0,2.0,2.0,0.0,43.6695928,-79.3805797
523.0,1.0,1.0,0.0,43.8569862,-79.324551
111.0,2.0,2.0,0.0,43.7106966,-79.7272366
529.0,1.0,1.0,0.0,43.652812,-79.3733062
454.0,1.0,1.0,1.0,43.6469441,-79.3923973
139.0,2.0,2.0,0.0,43.64310510000001,-79.375906
516.0,3.0,2.0,0.0,43.6503403,-79.3876465
205.0,3.0,1.5,0.0,43.6411088,-79.419448
88.0,1.0,1.0,1.0,43.62160170000001,-79.4828681
48.0,1.0,1.0,0.0,43.6801285,-79.3401308
436.0,2.0,2.0,0.0,43.6406456,-79.380939
360.0,1.0,1.0,0.0,43.6658208,-79.36988079999999
369.0,1.0,1.0,0.0,43.682692,-79.4888656
368.0,1.0,1.0,0.0,43.6387003,-79.4121833
343.0,1.0,1.0,0.0,43.6701358,-79.37871080000001
349.0,1.0,1.0,1.0,43.6527574,-79.3665108
421.0,1.0,1.0,0.0,43.65967929999999,-79.4292906
197.0,1.0,1.0,0.0,43.6887398,-79.7642676
371.0,1.0,2.0,0.0,43.6453398,-79.4021851
418.0,2.0,2.0,0.0,43.6505597,-79.38207220000001
119.0,1.0,1.0,0.0,43.6418064,-79.3789807
447.0,1.0,1.0,0.0,43.6610628,-79.35154150000001
189.0,1.0,1.0,1.0,43.6659283,-79.383465
75.0,1.0,1.0,0.0,43.6391261,-79.41922209999998
258.0,1.0,2.0,0.0,43.6577965,-79.39896490000001
338.0,1.0,1.0,1.0,43.6525764,-79.36706590000001
197.0,2.0,1.0,0.0,43.6887398,-79.7642676
140.0,1.0,1.0,0.0,43.6418726,-79.3819064
133.0,1.0,1.0,1.0,43.6394055,-79.3932324
233.0,2.0,1.0,0.0,43.8920474,-78.86086800000001
52.0,1.0,1.0,0.0,43.6494165,-79.3745473
424.0,1.0,1.0,0.0,43.6439201,-79.3994776
249.0,1.0,1.0,0.0,43.664843700000006,-79.3859297
102.0,2.0,2.0,0.0,43.7181688,-79.56192440000001
527.0,2.0,1.0,0.0,43.9491784,-78.2934468
93.0,1.0,1.5,1.0,43.8571804,-79.3219101
324.0,2.0,2.0,0.0,43.84993789999999,-79.3275055
492.0,1.0,1.0,0.0,43.6486599,-79.38157640000001
2.0,2.0,1.0,0.0,43.3267271,-79.8021823
390.0,1.0,1.0,1.0,43.6653563,-79.387999
467.0,1.0,1.0,0.0,43.6606054,-79.37863540000001
249.0,1.0,1.0,0.0,43.664843700000006,-79.3859297
385.0,1.0,1.0,0.0,43.6448637,-79.3990598
50.0,1.0,1.0,0.0,43.6544596,-79.37581379999999
139.0,2.0,2.0,0.0,43.64310510000001,-79.375906
407.0,1.0,1.0,1.0,43.6423708,-79.42419050000001
454.0,1.0,1.0,0.0,43.6469441,-79.3923973
146.0,2.0,2.0,0.0,43.6667515,-79.37623549999999
117.0,2.0,2.0,0.0,43.6410868,-79.3814048
543.0,1.0,1.0,0.0,43.6538857,-79.3880868
506.0,1.0,1.0,1.0,43.6418891,-79.3837936
32.0,2.0,2.0,0.0,43.7565895,-79.4054146
0.0,1.0,1.0,0.0,43.6520426,-79.4022416
195.0,1.0,1.0,0.0,43.6393466,-79.3997415
29.0,1.0,1.0,1.0,43.5897603,-79.6484562
136.0,1.0,1.0,0.0,43.6621286,-79.37695759999998
533.0,2.0,2.0,0.0,43.6504185,-79.38179079999999
507.0,1.0,1.0,1.0,43.692657,-79.2648481
140.0,2.0,1.5,0.0,43.6418726,-79.3819064
213.0,1.0,1.0,1.0,43.64027720000001,-79.4241261
290.0,1.0,1.0,0.0,43.659217600000005,-79.35579609999999
62.0,1.0,1.0,0.0,43.642546200000005,-79.37726550000001
389.0,1.0,1.0,0.0,43.6676701,-79.389445
95.0,1.0,1.0,0.0,43.6806017,-79.2893327
376.0,1.0,1.0,0.0,43.6428849,-79.3806168
308.0,1.0,1.0,0.0,43.660846,-79.3787556
98.0,1.0,1.0,0.0,43.6418699,-79.38984570000001
107.0,1.0,1.0,1.0,43.6458091,-79.3756819
482.0,1.0,1.0,0.0,43.5494504,-79.719706
54.0,1.0,1.0,0.0,43.6547234,-79.3814004
119.0,1.0,1.0,0.0,43.6418064,-79.3789807
234.0,1.0,2.0,1.0,43.627447100000005,-79.4783741
456.0,1.0,1.0,0.0,43.6469441,-79.3923973
270.0,2.0,2.0,0.0,43.647870000000005,-79.391138
147.0,2.0,1.0,0.0,43.6667515,-79.37623549999999
325.0,1.0,1.0,0.0,43.664055700000006,-79.3737903
349.0,1.0,1.0,0.0,43.6527574,-79.3665108
107.0,1.0,1.0,1.0,43.6458091,-79.3756819
519.0,1.0,1.0,0.0,43.65229779999999,-79.4069977
325.0,1.0,1.0,0.0,43.664055700000006,-79.3737903
71.0,1.0,1.0,0.0,43.6484292,-79.3822802
415.0,1.0,1.0,0.0,43.6385213,-79.39946379999999
370.0,1.0,1.0,1.0,43.65598789999999,-79.35887690000001
364.0,1.0,1.0,0.0,43.6695496,-79.3837757
327.0,2.0,2.0,0.0,43.5816391,-79.648193
327.0,1.0,1.0,0.0,43.5816391,-79.648193
228.0,1.0,1.0,0.0,43.6487831,-79.3880423
388.0,1.0,1.0,0.0,43.6701586,-79.3756379
469.0,2.0,1.0,0.0,43.6343542,-79.4352696
232.0,1.0,1.0,0.0,43.6546239,-79.3790756
455.0,1.0,1.0,0.0,43.6469441,-79.3923973
107.0,2.0,2.0,0.0,43.6458091,-79.3756819
342.0,2.0,1.0,0.0,43.8982151,-78.8657053
237.0,2.0,2.0,0.0,43.5464869,-79.68541570000001
336.0,2.0,1.0,0.0,43.7486405,-79.4371391
459.0,1.0,1.0,0.0,43.6417851,-79.3790058
197.0,1.0,1.0,0.0,43.6887398,-79.7642676
74.0,1.0,1.0,0.0,43.640526,-79.3949037
314.0,2.0,1.0,0.0,43.645641,-79.39295340000001
215.0,1.0,1.0,0.0,43.6428951,-79.4281018
308.0,1.0,1.0,0.0,43.660846,-79.3787556
213.0,1.0,1.0,1.0,43.64027720000001,-79.4241261
139.0,2.0,2.0,0.0,43.64310510000001,-79.375906
466.0,1.0,1.0,0.0,43.6606054,-79.37863540000001
422.0,1.0,1.0,0.0,44.1144545,-79.5676753
155.0,1.0,1.0,0.0,43.6399343,-79.4164454
467.0,3.0,2.0,0.0,43.6606054,-79.37863540000001
510.0,1.0,1.0,0.0,43.6691213,-79.3847434
362.0,2.0,2.0,0.0,43.6657528,-79.3855792
398.0,1.0,1.0,0.0,43.8415157,-79.3928791
448.0,1.0,1.0,0.0,43.6387842,-79.3988635
241.0,1.0,2.0,1.0,43.6598236,-79.36272729999999
228.0,2.0,2.0,0.0,43.6487831,-79.3880423
274.0,1.0,1.0,0.0,43.6476273,-79.39040809999999
109.0,1.0,2.0,1.0,43.6402232,-79.395951
308.0,1.0,1.0,0.0,43.660846,-79.3787556
270.0,2.0,2.0,0.0,43.647870000000005,-79.391138
36.0,1.0,1.0,1.0,44.079119,-80.2011728
171.0,2.0,1.0,0.0,43.905986600000006,-80.09295290000001
369.0,1.0,1.0,0.0,43.682692,-79.4888656
175.0,1.0,1.0,0.0,43.6450775,-79.3643417
425.0,1.0,1.0,0.0,43.6676141,-79.38645890000001
275.0,2.0,1.0,0.0,43.6403508,-79.42752159999999
304.0,1.0,1.0,0.0,43.6645808,-79.38229559999999
488.0,1.0,1.0,0.0,43.6384219,-79.39759559999999
89.0,1.0,1.0,0.0,43.9487179,-78.94791590000001
252.0,1.0,1.0,0.0,43.6415283,-79.3833016
170.0,1.0,1.0,0.0,43.64955689999999,-79.38722829999999
55.0,1.0,1.0,0.0,43.6599624,-79.3850953
203.0,2.0,3.0,0.0,43.648953000000006,-79.3857683
303.0,1.0,1.0,0.0,43.641596500000006,-79.4234431
339.0,1.0,1.0,0.0,43.660269,-79.38280019999999
86.0,1.0,1.0,0.0,43.6384911,-79.39098919999999
192.0,2.0,2.0,0.0,43.6551919,-79.3539119
117.0,1.0,1.0,0.0,43.6410868,-79.3814048
347.0,1.0,2.0,1.0,43.6523308,-79.3560136
452.0,1.0,1.0,0.0,43.6348903,-79.4346541
351.0,2.0,2.0,0.0,43.6527574,-79.3665108
531.0,1.0,1.0,0.0,43.8757743,-79.4214372
375.0,1.0,1.0,0.0,43.6684679,-79.37483359999999
498.0,2.0,2.0,0.0,43.643207700000005,-79.39211
331.0,1.0,1.0,0.0,43.6641794,-79.37550590000001
534.0,1.0,1.0,0.0,43.669450700000006,-79.38747049999999
270.0,2.0,2.0,0.0,43.647870000000005,-79.391138
140.0,1.0,1.0,1.0,43.6418726,-79.3819064
418.0,2.0,2.0,0.0,43.6505597,-79.38207220000001
31.0,1.0,2.0,1.0,43.5904968,-79.63292870000001
217.0,1.0,1.0,0.0,43.6371527,-79.4270923
167.0,1.0,1.0,0.0,43.6419081,-79.38177979999999
83.0,1.0,1.0,0.0,43.6680834,-79.3906814
245.0,2.0,1.0,0.0,43.705123,-79.5300905
121.0,1.0,1.0,0.0,43.6665599,-79.3791219
38.0,1.0,1.0,0.0,43.658974,-79.3840397
7.0,1.0,1.0,1.0,43.9514277,-78.294416
365.0,1.0,1.0,0.0,43.6471397,-79.5265814
464.0,1.0,1.0,0.0,43.6683764,-79.3806431
240.0,1.0,1.0,1.0,43.64738010000001,-79.3872741
356.0,1.0,1.0,0.0,43.6409127,-79.3939235
454.0,1.0,1.0,0.0,43.6469441,-79.3923973
139.0,2.0,2.0,0.0,43.64310510000001,-79.375906
146.0,2.0,2.0,0.0,43.6667515,-79.37623549999999
3.0,1.0,2.0,0.0,43.640402,-79.39714670000001
293.0,2.0,1.0,0.0,43.6893623,-79.35284809999999
375.0,1.0,1.0,0.0,43.6684679,-79.37483359999999
354.0,2.0,1.0,0.0,43.678467700000006,-79.4464682
300.0,2.0,1.0,0.0,43.8378274,-79.38790429999999
521.0,2.0,1.0,0.0,43.52812410000001,-79.866827
217.0,1.0,1.0,0.0,43.6371527,-79.4270923
188.0,1.0,1.0,0.0,43.6659283,-79.383465
117.0,2.0,2.0,0.0,43.6410868,-79.3814048
51.0,1.0,1.0,0.0,43.659534,-79.3773535
546.0,2.0,2.0,0.0,43.85631,-79.3286298
8.0,3.0,1.0,0.0,43.1041257,-79.0654766
228.0,2.0,2.0,0.0,43.6487831,-79.3880423
199.0,2.0,2.0,0.0,43.6444084,-79.37656170000001
267.0,1.0,1.0,0.0,43.6655881,-79.383028
239.0,2.0,2.0,0.0,43.6548421,-79.37920150000001
546.0,1.0,1.0,0.0,43.85631,-79.3286298
208.0,1.0,1.0,0.0,43.8413956,-79.09241750000001
6.0,1.0,1.0,0.0,43.650324100000006,-79.3779693
3.0,1.0,1.0,0.0,43.640402,-79.39714670000001
470.0,2.0,2.0,0.0,43.6344756,-79.4015886
237.0,2.0,2.0,0.0,43.5464869,-79.68541570000001
346.0,1.0,1.0,0.0,43.6616824,-79.3833791
199.0,1.0,1.0,0.0,43.6444084,-79.37656170000001
270.0,2.0,2.0,0.0,43.647870000000005,-79.391138
478.0,2.0,1.0,0.0,43.6582784,-79.40843659999999
320.0,2.0,2.0,0.0,43.659329,-79.3826747
302.0,1.0,1.5,1.0,43.6449299,-79.3921465
156.0,1.0,1.0,0.0,43.6489727,-79.3872946
9.0,1.0,1.0,1.0,43.8413607,-79.3201494
26.0,1.0,1.0,1.0,43.8533775,-79.32543129999999
440.0,1.0,1.0,1.0,43.641365500000006,-79.3914457
453.0,1.0,1.0,0.0,43.6469441,-79.3923973
520.0,2.0,1.0,0.0,43.63560220000001,-79.5412007
418.0,1.0,2.0,0.0,43.6505597,-79.38207220000001
306.0,1.0,1.0,1.0,43.6430505,-79.3916429
133.0,1.0,1.0,0.0,43.6394055,-79.3932324
549.0,1.0,1.5,0.0,43.6070571,-79.4949066
284.0,1.0,1.0,0.0,43.6489001,-79.392205
257.0,1.0,1.0,0.0,43.672735,-79.4023802
246.0,1.0,1.0,0.0,43.6710818,-79.38074350000001
479.0,2.0,2.0,0.0,43.6572984,-79.3843645
24.0,2.0,2.0,0.0,43.6372559,-79.5382147
39.0,1.0,1.0,0.0,43.6525889,-79.36771929999999
4.0,2.0,2.0,0.0,43.6467641,-79.3922208
327.0,2.0,2.0,0.0,43.5816391,-79.648193
428.0,2.0,2.0,0.0,43.6601367,-79.3858692
103.0,2.0,2.0,0.0,43.6365382,-79.41931
408.0,2.0,2.0,0.0,43.655111,-79.3756429
418.0,1.0,1.0,0.0,43.6505597,-79.38207220000001
140.0,1.0,1.0,0.0,43.6418726,-79.3819064
399.0,2.0,1.0,0.0,43.5942563,-79.6029457
287.0,1.0,1.0,1.0,43.6538906,-79.36895109999999
265.0,1.0,1.0,0.0,43.670878,-79.3766958
454.0,1.0,1.0,0.0,43.6469441,-79.3923973
31.0,1.0,2.0,1.0,43.5904968,-79.63292870000001
168.0,1.0,1.0,0.0,43.6419081,-79.38177979999999
80.0,2.0,1.0,0.0,43.653226,-79.3831843
276.0,1.0,1.0,0.0,43.6575473,-79.40146429999999
94.0,1.0,1.0,0.0,43.4454259,-79.7368328
298.0,1.0,1.0,0.0,43.588602,-79.63170040000001
133.0,1.0,1.0,1.0,43.6394055,-79.3932324
491.0,1.0,1.0,0.0,43.645396000000005,-79.3942439
489.0,1.0,1.0,0.0,43.558352500000005,-79.5788687
374.0,1.0,1.0,0.0,43.66914570000001,-79.3759018
425.0,1.0,1.0,0.0,43.6676141,-79.38645890000001
216.0,1.0,1.0,1.0,43.6690744,-79.3911301
296.0,1.0,1.0,0.0,43.6446286,-79.3929331
100.0,2.0,2.0,0.0,43.653226,-79.3831843
329.0,1.0,1.0,0.0,43.6409222,-79.39398299999999
319.0,1.0,1.0,1.0,43.6520027,-79.4492618
215.0,1.0,1.0,0.0,43.6428951,-79.4281018
168.0,1.0,1.0,0.0,43.6419081,-79.38177979999999
463.0,1.0,1.0,0.0,43.6485726,-79.37627540000001
107.0,1.0,1.0,1.0,43.6458091,-79.3756819
77.0,1.0,1.0,0.0,43.6591925,-79.4308293
128.0,1.0,1.0,0.0,43.8751012,-79.4377534
447.0,1.0,1.0,1.0,43.6610628,-79.35154150000001
312.0,1.0,1.0,0.0,43.624733500000005,-79.4995337
245.0,1.0,1.0,0.0,43.705123,-79.5300905
132.0,1.0,1.0,0.0,43.66945689999999,-79.432457
327.0,2.0,2.0,0.0,43.5816391,-79.648193
266.0,1.0,1.0,0.0,43.6655881,-79.383028
63.0,1.0,1.0,0.0,43.6655297,-79.39547540000001
114.0,1.0,1.0,0.0,43.6232891,-79.48369509999999
350.0,1.0,1.0,0.0,43.6527574,-79.3665108
497.0,1.0,2.0,0.0,43.658689200000005,-79.4125775
73.0,1.0,1.0,0.0,43.6420888,-79.3816864
133.0,2.0,2.0,0.0,43.6394055,-79.3932324
192.0,2.0,2.0,0.0,43.6551919,-79.3539119
466.0,1.0,1.0,0.0,43.6606054,-79.37863540000001
327.0,2.0,2.0,0.0,43.5816391,-79.648193
226.0,1.0,1.0,0.0,43.6364097,-79.40200340000001
119.0,1.0,1.0,0.0,43.6418064,-79.3789807
190.0,2.0,2.0,0.0,43.7658605,-79.3855003
175.0,1.0,1.0,0.0,43.6450775,-79.3643417
438.0,1.0,1.0,0.0,43.6524873,-79.3896218
3.0,1.0,1.0,0.0,43.640402,-79.39714670000001
97.0,2.0,2.0,0.0,43.656733200000005,-79.37515400000001
416.0,1.0,1.0,1.0,43.6400685,-79.39996040000001
421.0,1.0,1.0,0.0,43.65967929999999,-79.4292906
248.0,2.0,1.0,0.0,43.336221,-79.78690040000001
457.0,1.0,1.0,0.0,43.6469441,-79.3923973
97.0,2.0,2.0,0.0,43.656733200000005,-79.37515400000001
245.0,3.0,1.5,0.0,43.705123,-79.5300905
550.0,1.0,1.0,1.0,43.5634487,-79.7433173
139.0,1.0,1.0,0.0,43.64310510000001,-79.375906
358.0,1.0,1.0,1.0,43.6397355,-79.3904175
456.0,1.0,1.0,0.0,43.6469441,-79.3923973
463.0,1.0,1.0,1.0,43.6485726,-79.37627540000001
69.0,1.0,1.0,0.0,43.6450503,-79.39134109999999
517.0,2.0,1.5,0.0,43.6421316,-79.4013687
263.0,1.0,1.0,0.0,43.6583179,-79.36823570000001
477.0,1.0,1.0,1.0,43.6524993,-79.36696090000001
309.0,1.0,1.0,0.0,43.660846,-79.3787556
327.0,2.0,2.0,0.0,43.5816391,-79.648193
280.0,1.0,1.0,0.0,43.6490235,-79.3884001
21.0,3.0,2.0,0.0,43.6467641,-79.3922208
99.0,3.0,2.0,0.0,43.641012200000006,-79.3949476
251.0,1.0,1.0,0.0,43.6407261,-79.3955671
30.0,1.0,1.0,0.0,43.5872775,-79.63915759999999
162.0,2.0,1.0,0.0,45.4925108,-73.5802928
522.0,3.0,2.0,0.0,43.3228434,-79.8077184
59.0,2.0,1.0,0.0,43.6408157,-79.38175229999999
266.0,1.0,1.0,0.0,43.6655881,-79.383028
422.0,1.0,1.0,0.0,44.1144545,-79.5676753
157.0,1.0,1.0,0.0,43.6489727,-79.3872946
78.0,1.0,1.0,0.0,43.6371775,-79.4269604
481.0,1.0,1.0,0.0,43.6720333,-79.370728
156.0,1.0,1.0,0.0,43.6489727,-79.3872946
334.0,1.0,1.0,0.0,43.6665804,-79.40093940000001
197.0,1.0,1.0,0.0,43.6887398,-79.7642676
377.0,1.0,1.0,0.0,43.6678174,-79.3831111
262.0,1.0,1.0,0.0,43.63982539999999,-79.4122306
237.0,2.0,2.0,0.0,43.5464869,-79.68541570000001
432.0,2.0,2.0,0.0,43.6404783,-79.3949699
325.0,1.0,1.0,0.0,43.664055700000006,-79.3737903
466.0,1.0,1.0,0.0,43.6606054,-79.37863540000001
515.0,1.0,1.0,0.0,43.6626956,-79.4000493
117.0,2.0,2.0,0.0,43.6410868,-79.3814048
495.0,2.0,1.0,0.0,43.8792747,-78.9346733
286.0,1.0,1.0,0.0,43.688897100000005,-79.41198359999999
380.0,1.0,1.0,0.0,43.6692283,-79.37994880000001
242.0,1.0,1.0,0.0,43.7046478,-79.5275537
327.0,2.0,2.0,0.0,43.5816391,-79.648193
519.0,1.0,1.0,0.0,43.65229779999999,-79.4069977
498.0,2.0,2.0,0.0,43.643207700000005,-79.39211
61.0,1.0,1.0,0.0,43.6455289,-79.3837757
391.0,1.0,1.0,0.0,43.6611083,-79.4987507
299.0,1.0,1.0,0.0,43.6494054,-79.3927116
475.0,2.0,1.0,0.0,43.66053970000001,-79.37866170000001
297.0,1.0,1.0,0.0,43.6434855,-79.39230450000001
338.0,1.0,1.0,1.0,43.6525764,-79.36706590000001
190.0,2.0,2.0,0.0,43.7658605,-79.3855003
42.0,1.0,1.0,0.0,43.65739179999999,-79.37031490000001
403.0,2.0,1.5,0.0,43.8975848,-78.8553098
134.0,2.0,2.0,0.0,43.6437964,-79.4284926
537.0,1.0,1.0,0.0,43.6515926,-79.3875585
166.0,1.0,1.0,0.0,43.6419081,-79.38177979999999
542.0,2.0,2.0,0.0,43.5862105,-79.64292979999999
25.0,1.0,1.0,0.0,43.8777664,-79.26246979999999
277.0,1.0,1.0,0.0,44.1114574,-79.57008259999999
157.0,1.0,1.0,0.0,43.6489727,-79.3872946
503.0,3.0,2.0,0.0,43.795462,-79.521097
267.0,1.0,1.0,0.0,43.6655881,-79.383028
118.0,2.0,2.0,0.0,43.8999695,-78.8601161
409.0,1.0,1.0,0.0,43.6790089,-79.34389940000001
487.0,1.0,1.0,0.0,44.5007687,-80.2169047
20.0,2.0,1.5,0.0,43.6476349,-79.39248359999999
375.0,1.0,1.0,0.0,43.6684679,-79.37483359999999
459.0,1.0,1.0,0.0,43.6417851,-79.3790058
39.0,1.0,1.0,0.0,43.6525889,-79.36771929999999
389.0,2.0,1.0,0.0,43.6676701,-79.389445
182.0,1.0,1.0,0.0,43.64595429999999,-79.4039853
412.0,1.0,1.0,1.0,43.6490665,-79.37693
375.0,1.0,1.0,0.0,43.6684679,-79.37483359999999
101.0,1.0,1.0,0.0,43.661091,-79.38250009999999
214.0,1.0,1.0,0.0,43.9601589,-78.16483640000001
410.0,1.0,1.0,1.0,43.730692700000006,-79.32731940000001
283.0,2.0,2.5,0.0,43.6497827,-79.3804402
169.0,1.0,1.0,0.0,43.670726,-79.3107743
250.0,1.0,1.0,0.0,43.6700064,-79.3976944
138.0,1.0,1.0,0.0,43.8516467,-79.326656
546.0,1.0,1.0,0.0,43.85631,-79.3286298
441.0,2.0,1.0,0.0,43.665271,-79.4476835
117.0,1.0,1.0,0.0,43.6410868,-79.3814048
168.0,2.0,1.0,0.0,43.6419081,-79.38177979999999
117.0,1.0,1.0,0.0,43.6410868,-79.3814048
105.0,1.0,1.0,0.0,43.640845500000005,-79.4143193
106.0,1.0,1.0,1.0,43.6458091,-79.3756819
265.0,1.0,1.0,0.0,43.670878,-79.3766958
193.0,1.0,1.0,0.0,43.6551919,-79.3539119
133.0,1.0,1.0,1.0,43.6394055,-79.3932324
349.0,1.0,1.0,0.0,43.6527574,-79.3665108
338.0,1.0,1.0,1.0,43.6525764,-79.36706590000001
92.0,3.0,1.0,0.0,43.6486411,-79.40119279999999
168.0,1.0,1.0,0.0,43.6419081,-79.38177979999999
178.0,1.0,1.0,1.0,43.7799939,-79.3446008
10.0,1.0,1.0,0.0,43.8561002,-79.3370188
306.0,1.0,1.0,1.0,43.6430505,-79.3916429
544.0,1.0,1.0,0.0,43.6833856,-79.3094088
330.0,1.0,1.0,0.0,43.6687998,-79.3759678
463.0,1.0,1.0,0.0,43.6485726,-79.37627540000001
338.0,1.0,1.0,1.0,43.6525764,-79.36706590000001
385.0,1.0,1.0,0.0,43.6448637,-79.3990598
68.0,1.0,1.0,0.0,43.653226,-79.3831843
310.0,1.0,1.0,0.0,43.6576911,-79.3801612
142.0,1.0,2.0,1.0,43.653978,-79.3541341
393.0,1.0,1.0,1.0,43.8528627,-79.3386881
486.0,1.0,1.0,0.0,43.5860554,-79.6442402
548.0,2.0,2.0,0.0,43.6456126,-79.38258540000001
401.0,1.0,1.0,1.0,43.971005,-79.24890090000001
234.0,1.0,2.0,1.0,43.627447100000005,-79.4783741
110.0,3.0,3.0,0.0,43.6715933,-79.37508340000001
201.0,2.0,2.0,0.0,43.850094,-79.3234946
418.0,1.0,1.0,0.0,43.6505597,-79.38207220000001
16.0,1.0,1.0,0.0,43.65506920000001,-79.38747049999999
298.0,1.0,1.0,0.0,43.588602,-79.63170040000001
76.0,1.0,1.0,0.0,43.6774284,-79.45790720000001
387.0,1.0,1.0,0.0,43.6701586,-79.3756379
438.0,1.0,1.0,0.0,43.6524873,-79.3896218
414.0,1.0,1.0,1.0,43.6400685,-79.39996040000001
96.0,1.0,1.0,0.0,43.6604566,-79.37849720000001
155.0,1.0,1.0,0.0,43.6399343,-79.4164454
293.0,1.0,1.0,0.0,43.6893623,-79.35284809999999
454.0,2.0,1.0,0.0,43.6469441,-79.3923973
534.0,1.0,1.0,0.0,43.669450700000006,-79.38747049999999
220.0,2.0,1.0,0.0,43.6092724,-79.557008
256.0,1.0,1.0,0.0,43.6374082,-79.40664609999999
248.0,2.0,1.0,0.0,43.336221,-79.78690040000001
269.0,1.0,1.0,0.0,43.6413595,-79.37251450000001
493.0,1.0,1.0,0.0,43.6535096,-79.39462009999998
88.0,1.0,1.0,1.0,43.62160170000001,-79.4828681
259.0,2.0,1.0,0.0,43.6911466,-79.4714355
513.0,2.0,2.0,0.0,43.6421671,-79.3819283
375.0,2.0,1.0,0.0,43.6684679,-79.37483359999999
243.0,2.0,1.0,0.0,43.6474943,-79.43599499999999
496.0,1.0,1.0,0.0,43.8506191,-79.3193975
468.0,1.0,1.0,1.0,43.6852857,-79.7614922
443.0,1.0,1.0,0.0,43.856879600000006,-79.324595
122.0,2.0,2.0,0.0,43.6695928,-79.3805797
289.0,1.0,1.0,0.0,43.6589956,-79.4296933
505.0,1.0,1.0,0.0,43.7414078,-79.81601690000001
231.0,1.0,1.0,1.0,43.6524331,-79.3888604
532.0,2.0,1.0,0.0,43.931288,-78.8862875
454.0,1.0,1.0,0.0,43.6469441,-79.3923973
500.0,1.0,1.0,1.0,43.6406042,-79.3971881
119.0,2.0,2.0,0.0,43.6418064,-79.3789807
119.0,1.0,1.0,0.0,43.6418064,-79.3789807
191.0,1.0,1.0,0.0,43.6302091,-80.04104570000001
238.0,1.0,1.0,0.0,43.3277142,-79.78896429999999
323.0,2.0,2.0,0.0,43.84993789999999,-79.3275055
46.0,1.0,1.0,0.0,43.6952964,-79.300604
385.0,1.0,1.0,0.0,43.6448637,-79.3990598
215.0,1.0,1.0,0.0,43.6428951,-79.4281018
389.0,1.0,1.0,0.0,43.6676701,-79.389445
491.0,2.0,2.0,0.0,43.645396000000005,-79.3942439
105.0,1.0,1.0,0.0,43.640845500000005,-79.4143193
133.0,2.0,2.0,0.0,43.6394055,-79.3932324
176.0,1.0,1.0,0.0,43.6387639,-79.4162418
140.0,1.0,1.0,0.0,43.6418726,-79.3819064
438.0,1.0,1.0,0.0,43.6524873,-79.3896218
274.0,1.0,1.0,1.0,43.6476273,-79.39040809999999
148.0,1.0,1.0,0.0,43.66703,-79.37638620000001
289.0,1.0,1.0,0.0,43.6589956,-79.4296933
538.0,1.0,1.0,0.0,43.648742,-79.3868108
28.0,1.0,1.0,1.0,43.8561002,-79.3370188
382.0,2.0,1.0,0.0,43.625159,-79.47872029999999
91.0,1.0,1.0,0.0,43.6598307,-79.3805207
454.0,1.0,1.0,1.0,43.6469441,-79.3923973
135.0,2.0,2.0,0.0,43.7206419,-79.3493968
442.0,1.0,1.0,1.0,43.8514089,-79.3256954
87.0,2.0,2.0,0.0,43.637287,-79.396355
90.0,2.0,2.0,0.0,43.66385220000001,-79.38411529999999
233.0,2.0,1.0,0.0,43.8920474,-78.86086800000001
476.0,1.0,1.0,0.0,43.6351036,-79.40101329999999
81.0,1.0,1.0,0.0,43.645271,-79.37639509999998
418.0,1.0,1.0,0.0,43.6505597,-79.38207220000001
438.0,1.0,1.0,0.0,43.6524873,-79.3896218
326.0,3.0,3.0,0.0,43.6425685,-79.39345959999999
117.0,2.0,2.0,0.0,43.6410868,-79.3814048
414.0,1.0,1.0,1.0,43.6400685,-79.39996040000001
139.0,2.0,2.0,0.0,43.64310510000001,-79.375906
465.0,1.0,1.0,0.0,43.6541547,-79.3852113
108.0,1.0,2.0,0.0,43.6402232,-79.395951
217.0,2.0,1.0,0.0,43.6371527,-79.4270923
340.0,1.0,1.0,0.0,43.6539487,-79.3885701
419.0,2.0,1.0,0.0,43.3289855,-79.80861829999999
56.0,2.0,1.0,0.0,43.6525485,-79.38351180000001
355.0,1.0,1.0,0.0,43.6515793,-79.39008000000001
65.0,1.0,1.0,0.0,43.6554292,-79.4040073
460.0,1.0,1.0,0.0,43.6417851,-79.3790058
104.0,1.0,1.0,1.0,43.6488576,-79.3781453
352.0,1.0,2.0,1.0,43.7827052,-79.58129100000001
126.0,2.0,1.0,0.0,43.6488578,-79.4330072
451.0,2.0,1.0,0.0,43.8929835,-78.8727317
435.0,2.0,2.0,0.0,43.6652335,-79.3842932
349.0,2.0,2.0,0.0,43.6527574,-79.3665108
64.0,2.0,1.0,0.0,43.6525195,-79.3890778
252.0,3.0,2.0,0.0,43.6415283,-79.3833016
423.0,1.0,1.0,0.0,43.6383068,-79.4147858
363.0,2.0,2.0,0.0,43.5949126,-79.63573609999999
150.0,2.0,2.0,0.0,43.4497718,-79.6652527
325.0,1.0,1.0,0.0,43.664055700000006,-79.3737903
212.0,1.0,1.0,0.0,43.6375235,-79.40087700000001
156.0,1.0,1.0,0.0,43.6489727,-79.3872946
494.0,1.0,1.0,0.0,43.6547069,-79.379245
235.0,2.0,2.0,0.0,43.6363456,-79.404535
278.0,2.0,2.0,0.0,43.642282,-79.38282650000001
459.0,2.0,1.0,0.0,43.6417851,-79.3790058
369.0,1.0,1.0,0.0,43.682692,-79.4888656
14.0,3.0,3.0,0.0,43.707319700000006,-79.4002252
248.0,2.0,1.0,0.0,43.336221,-79.78690040000001
163.0,3.0,3.0,0.0,43.673016700000005,-79.4399334
285.0,1.0,1.0,0.0,43.6565369,-79.3544975
367.0,1.0,1.0,0.0,43.3264539,-79.8003871
160.0,2.0,1.0,0.0,43.3451932,-79.82612879999999
421.0,1.0,1.0,0.0,43.65967929999999,-79.4292906
415.0,1.0,1.0,1.0,43.6385213,-79.39946379999999
19.0,1.0,1.0,1.0,43.6629771,-79.386217
3.0,1.0,1.0,0.0,43.640402,-79.39714670000001
180.0,1.0,1.0,1.0,43.8521463,-79.3278873
395.0,1.0,1.0,0.0,43.6367593,-79.3978503
377.0,2.0,1.0,0.0,43.6678174,-79.3831111
413.0,1.0,2.0,0.0,43.65006,-79.3578814
473.0,2.0,2.0,0.0,51.0491572,-114.0822146
117.0,1.0,1.0,0.0,43.6410868,-79.3814048
374.0,1.0,1.0,0.0,43.66914570000001,-79.3759018
224.0,1.0,1.0,0.0,43.6691531,-79.3873723
59.0,2.0,1.0,0.0,43.6408157,-79.38175229999999
518.0,1.0,1.0,1.0,43.6408637,-79.39573929999999
349.0,1.0,1.0,0.0,43.6527574,-79.3665108
305.0,1.0,1.0,0.0,43.78995,-79.5461535
15.0,1.0,1.0,0.0,43.6598307,-79.3805207
553.0,2.0,2.0,0.0,43.7800331,-79.28105450000001
248.0,2.0,1.0,0.0,43.336221,-79.78690040000001
513.0,2.0,2.0,0.0,43.6421671,-79.3819283
400.0,1.0,1.5,1.0,43.971005,-79.24890090000001
512.0,1.0,1.0,1.0,43.6408157,-79.38175229999999
416.0,2.0,1.0,0.0,43.6400685,-79.39996040000001
253.0,1.0,1.0,0.0,43.64187379999999,-79.4103246
157.0,1.0,1.0,0.0,43.6489727,-79.3872946
157.0,1.0,1.0,0.0,43.6489727,-79.3872946
264.0,1.0,1.0,0.0,43.6281687,-80.041462
436.0,1.0,1.0,0.0,43.6406456,-79.380939
418.0,1.0,1.0,0.0,43.6505597,-79.38207220000001
44.0,1.0,1.0,0.0,43.653226,-79.3831843
17.0,2.0,1.0,0.0,43.6416068,-79.3822802
13.0,3.0,1.0,0.0,43.32523320000001,-79.8021823
435.0,2.0,2.0,0.0,43.6652335,-79.3842932
279.0,3.0,1.0,0.0,43.766969,-79.4967538
282.0,1.0,1.0,0.0,42.9857671,-81.243808
244.0,1.0,1.0,0.0,43.6397444,-79.3837757
434.0,1.0,1.0,0.0,43.6460983,-79.37605490000001
234.0,1.0,2.0,1.0,43.627447100000005,-79.4783741
112.0,1.0,1.0,1.0,43.6404402,-79.3918535
528.0,1.0,1.0,0.0,43.6447757,-79.3665735
254.0,1.0,1.0,0.0,43.6409179,-79.3939821
467.0,1.0,1.0,0.0,43.6606054,-79.37863540000001
133.0,2.0,2.0,0.0,43.6394055,-79.3932324
187.0,1.0,1.0,0.0,43.63828839999999,-79.4360532
467.0,1.0,1.0,0.0,43.6606054,-79.37863540000001
192.0,2.0,2.0,0.0,43.6551919,-79.3539119
10.0,1.0,1.0,0.0,43.8561002,-79.3370188
437.0,1.0,1.0,0.0,43.654757700000005,-79.4008271
272.0,1.0,1.0,0.0,43.647870000000005,-79.391138
12.0,2.0,1.0,0.0,43.3267271,-79.8021823
525.0,1.0,1.0,0.0,43.64894,-79.378086
320.0,1.0,1.0,0.0,43.659329,-79.3826747
404.0,2.0,1.5,0.0,43.6568825,-79.3835616
204.0,2.0,2.0,0.0,43.6415846,-79.3826205
467.0,1.0,1.0,0.0,43.6606054,-79.37863540000001
417.0,2.0,2.0,0.0,43.6505597,-79.38207220000001
353.0,1.0,1.0,0.0,43.7716173,-79.4432608
67.0,1.0,1.0,1.0,43.6464345,-79.3918689
291.0,1.0,1.0,1.0,43.6426791,-79.3769938
43.0,1.0,1.0,0.0,43.6569138,-79.3945078
541.0,1.0,1.0,0.0,43.6718131,-79.34153909999999
231.0,1.0,1.0,1.0,43.6524331,-79.3888604
245.0,2.0,1.0,0.0,43.705123,-79.5300905
461.0,2.0,2.0,0.0,43.6240747,-79.4849171
463.0,1.0,1.0,0.0,43.6485726,-79.37627540000001
464.0,1.0,1.0,0.0,43.6683764,-79.3806431
345.0,2.0,1.0,0.0,43.6420242,-79.42305970000001
66.0,1.0,1.0,0.0,43.651955,-79.38964770000001
384.0,1.0,1.0,0.0,43.6413078,-79.4000933
527.0,2.0,1.0,0.0,43.9491784,-78.2934468
106.0,1.0,1.0,0.0,43.6458091,-79.3756819
455.0,1.0,1.0,1.0,43.6469441,-79.3923973
264.0,1.0,1.0,0.0,43.6281687,-80.041462
133.0,1.0,1.0,0.0,43.6394055,-79.3932324
437.0,1.0,1.0,0.0,43.654757700000005,-79.4008271
328.0,2.0,2.0,0.0,43.64618839999999,-79.3972358
418.0,1.0,1.0,0.0,43.6505597,-79.38207220000001
466.0,1.0,1.0,0.0,43.6606054,-79.37863540000001
402.0,1.0,1.0,0.0,43.64393870000001,-79.4014775
453.0,1.0,1.0,0.0,43.6469441,-79.3923973
49.0,1.0,1.0,1.0,43.65739179999999,-79.37031490000001
499.0,2.0,1.0,0.0,43.6644404,-79.37498190000001
406.0,2.0,1.0,0.0,43.6672109,-79.3891532
72.0,1.0,1.0,0.0,43.653226,-79.3831843
230.0,3.0,2.0,0.0,43.6472259,-79.3911003
465.0,1.0,1.0,0.0,43.6541547,-79.3852113
364.0,1.0,1.0,0.0,43.6695496,-79.3837757
