,model,score,epochs,batch_size,lr,num_boost_round
0,MLP Regressor,12750.958996513204,200.0,64.0,0.003,
1,MLP Regressor,6340.498024908836,260.0,64.0,0.003,
2,MLP Regressor,23379.951690396825,260.0,64.0,0.0003,
3,MLP Regressor,23340.4586505195,330.0,64.0,0.0003,
4,MLP Regressor,23190.508251836894,420.0,64.0,0.0003,
5,MLP Regressor,23172.3533931482,420.0,128.0,0.0003,
6,MLP Regressor,3204.583112869069,420.0,128.0,0.003,
7,LightGBM Regressor,1544.868558543511,,,,1593.0
8,LightGBM Regressor,1539.229571691315,,,,1228.0
9,LightGBM Regressor,1538.5359826662602,,,,1185.0
10,LightGBM Regressor,1546.1060338671475,,,,1802.0
11,LightGBM Regressor,1546.227598163565,,,,1870.0
12,LightGBM Regressor,1539.9088138591428,,,,1331.0
13,Logistic Regressor,23432.951577944357,180.0,128.0,0.001,
14,Logistic Regressor,23433.081662391134,180.0,128.0,0.001,
15,Logistic Regressor,23432.526596350326,380.0,128.0,0.001,
16,Logistic Regressor,23432.614705680488,380.0,32.0,0.001,
17,Logistic Regressor,23432.4984893217,380.0,128.0,0.001,
18,LightGBM Regressor,1546.7289447317708,,,,1892.0
19,LightGBM Regressor,1543.7268614928807,,,,1566.0
20,LightGBM Regressor,1533.6179585366785,,,,914.0
21,LightGBM Regressor,2280.1931227440787,,,,81.0
22,FNN Regressor,23416.31255363906,250.0,16.0,0.001,
23,FNN Regressor,23406.244800690725,320.0,16.0,0.001,
24,FNN Regressor,21312.029565804783,320.0,16.0,0.01,
25,LightGBM Regressor,1637.093470664934,,,,341.0
26,LightGBM Regressor,1539.181281841896,,,,1224.0
27,LightGBM Regressor,1543.6049546514187,,,,1561.0
28,LightGBM Regressor,1543.5199740954447,,,,1560.0
29,LightGBM Regressor,1540.498028993179,,,,668.0
30,LightGBM Regressor,1540.5141753557589,,,,1436.0
31,LightGBM Regressor,1538.3913017240382,,,,1191.0
32,LightGBM Regressor,1574.5014117074952,,,,420.0
33,LightGBM Regressor,1533.409220322166,,,,884.0
34,LightGBM Regressor,1543.2698673921616,,,,610.0
35,LightGBM Regressor,1576.397422914463,,,,412.0
36,MLP Regressor,3224.6782867410466,420.0,32.0,0.003,
37,Logistic Regressor,23432.971401297073,380.0,128.0,0.0003,
38,Logistic Regressor,23433.096764335445,380.0,128.0,0.0003,
39,Logistic Regressor,23433.09849717863,380.0,32.0,0.0003,
40,Logistic Regressor,23430.449263662784,380.0,32.0,0.003,
41,FNN Regressor,23408.70484792401,320.0,16.0,0.001,
42,FNN Regressor,8684.85212833744,320.0,16.0,0.03,
43,FNN Regressor,10004.08213492472,320.0,16.0,0.03,
44,FNN Regressor,21396.850253093668,320.0,16.0,0.01,
45,LightGBM Regressor,1539.4303734994892,,,,1345.0
46,LightGBM Regressor,1539.3920556889086,,,,1288.0
47,LightGBM Regressor,1535.8048561281562,,,,937.0
48,LightGBM Regressor,1542.9469833935239,,,,1532.0
49,Logistic Regressor,23430.27384110283,380.0,32.0,0.003,
50,Logistic Regressor,23432.1468600714,190.0,32.0,0.003,
51,Logistic Regressor,23431.943087758154,190.0,64.0,0.003,
52,Logistic Regressor,23431.32678537968,250.0,64.0,0.003,
53,Logistic Regressor,23433.330271093706,250.0,64.0,0.0003,
54,Logistic Regressor,23433.237349395687,240.0,64.0,0.0003,
55,Logistic Regressor,23432.718570150704,240.0,64.0,0.001,
56,XGBoost Regressor,1603.3141427556159,,,,1718.0
57,MLP Regressor,3229.945940266029,420.0,64.0,0.003,
58,MLP Regressor,4480.318475396894,300.0,64.0,0.003,
59,MLP Regressor,4685.819257831178,300.0,64.0,0.003,
60,MLP Regressor,4736.5883489617545,300.0,64.0,0.003,
61,XGBoost Regressor,1603.3122375505804,,,,1036.0
62,XGBoost Regressor,1603.3120787846697,,,,979.0
63,XGBoost Regressor,1603.314235204414,,,,1751.0
64,XGBoost Regressor,1603.3135913663884,,,,1521.0
65,LightGBM Regressor,1541.0474792462394,,,,1472.0
66,LightGBM Regressor,1536.7933092946078,,,,1117.0
67,LightGBM Regressor,1837.469680584634,,,,182.0
68,LightGBM Regressor,1770.4696544062176,,,,223.0
69,Logistic Regressor,23431.542033011083,240.0,64.0,0.003,
70,Logistic Regressor,23432.97552522571,240.0,64.0,0.001,
71,Logistic Regressor,23432.369264380246,410.0,64.0,0.001,
72,FNN Regressor,18843.550458816004,490.0,16.0,0.01,
73,FNN Regressor,18473.866169209432,490.0,32.0,0.01,
74,FNN Regressor,22972.078679628914,490.0,32.0,0.003,
75,XGBoost Regressor,1603.31388794609,,,,1627.0
76,XGBoost Regressor,1603.3129514924,,,,1292.0
77,XGBoost Regressor,1603.3126166513289,,,,1172.0
78,XGBoost Regressor,1603.3114316117058,,,,789.0
79,XGBoost Regressor,1603.3137424230451,,,,1575.0
80,XGBoost Regressor,1603.3098351413075,,,,648.0
81,XGBoost Regressor,1607.0413487011347,,,,79.0
82,XGBoost Regressor,1603.311007069156,,,,698.0
83,XGBoost Regressor,1603.3118560767705,,,,899.0
84,LightGBM Regressor,1536.6873919821203,,,,1111.0
85,LightGBM Regressor,1538.7178544412288,,,,1380.0
86,MLP Regressor,20993.23706473191,300.0,64.0,0.001,
87,MLP Regressor,23352.31188172869,300.0,64.0,0.0003,
88,XGBoost Regressor,1603.3125413560688,,,,1145.0
89,XGBoost Regressor,1603.3093219193067,,,,620.0
90,XGBoost Regressor,1602.189607404501,,,,215.0
91,XGBoost Regressor,1603.3116026955595,,,,816.0
92,XGBoost Regressor,1603.3133732875303,,,,1443.0
93,FNN Regressor,23155.515372335718,380.0,32.0,0.003,
94,FNN Regressor,23427.81685938968,380.0,32.0,0.0003,
95,FNN Regressor,23427.456570039638,340.0,32.0,0.0003,
96,Logistic Regressor,23432.381286661905,410.0,128.0,0.001,
97,Logistic Regressor,23433.08615418451,190.0,128.0,0.001,
98,Logistic Regressor,23433.14977115245,70.0,128.0,0.001,
99,Logistic Regressor,23433.255589582925,110.0,128.0,0.001,
100,Logistic Regressor,23433.21989399018,110.0,128.0,0.001,
101,XGBoost Regressor,1603.297962682968,,,,491.0
102,XGBoost Regressor,1603.3127338094023,,,,1214.0
103,XGBoost Regressor,1603.3141819733705,,,,1732.0
104,XGBoost Regressor,1603.313753614998,,,,1579.0
105,XGBoost Regressor,1603.311828248256,,,,889.0
106,XGBoost Regressor,1603.3145042835997,,,,1847.0
107,XGBoost Regressor,1603.314787597806,,,,1948.0
108,XGBoost Regressor,1603.314050330952,,,,1685.0
109,XGBoost Regressor,1603.3117392119027,,,,857.0
110,XGBoost Regressor,1602.9559174194308,,,,271.0
111,XGBoost Regressor,1603.2994316098284,,,,513.0
112,XGBoost Regressor,1603.3107411834162,,,,736.0
113,MLP Regressor,23358.17709221737,300.0,64.0,0.0003,
114,MLP Regressor,23427.287361926814,300.0,64.0,0.0001,
115,MLP Regressor,21040.258830364925,300.0,64.0,0.001,
116,MLP Regressor,23161.75606313325,150.0,64.0,0.001,
117,XGBoost Regressor,1603.3125999176525,,,,1166.0
118,XGBoost Regressor,1603.3141511590547,,,,1721.0
119,XGBoost Regressor,1603.3141875762615,,,,1734.0
120,XGBoost Regressor,1603.3139355339295,,,,1644.0
121,XGBoost Regressor,1603.312842634047,,,,1253.0
122,LightGBM Regressor,1544.4031842162694,,,,1710.0
123,LightGBM Regressor,1546.8398039842639,,,,1888.0
124,LightGBM Regressor,1545.9508411390311,,,,1769.0
125,LightGBM Regressor,1538.2935120194704,,,,1249.0
126,LightGBM Regressor,1540.498028993179,,,,668.0
127,XGBoost Regressor,1603.3141371534339,,,,1716.0
128,XGBoost Regressor,1603.3133257754187,,,,1426.0
129,FNN Regressor,23427.6493490059,340.0,128.0,0.0003,
130,FNN Regressor,23427.29107636104,420.0,128.0,0.0003,
131,FNN Regressor,23427.024943755845,420.0,128.0,0.0003,
132,FNN Regressor,23431.290877702348,420.0,128.0,0.0001,
133,FNN Regressor,23431.047979479546,280.0,128.0,0.0001,
134,FNN Regressor,23430.797598431534,360.0,128.0,0.0001,
135,FNN Regressor,23431.422654158177,360.0,64.0,0.0001,
136,FNN Regressor,23431.749776986573,150.0,64.0,0.0001,
137,FNN Regressor,23432.27232185733,150.0,256.0,0.0001,
138,FNN Regressor,23432.8241323459,150.0,256.0,0.0001,
139,FNN Regressor,23432.069624606524,180.0,256.0,0.0001,
140,FNN Regressor,23432.190020322632,180.0,256.0,0.0001,
141,FNN Regressor,23432.973832239233,50.0,256.0,0.0001,
142,FNN Regressor,23430.84446772619,50.0,256.0,0.001,
143,FNN Regressor,23430.374382240552,50.0,128.0,0.001,
144,FNN Regressor,23388.15759817115,50.0,128.0,0.01,
145,FNN Regressor,23431.826400299087,50.0,128.0,0.0003,
146,Logistic Regressor,23432.59855120842,280.0,128.0,0.001,
147,Logistic Regressor,23432.95956009589,280.0,128.0,0.001,
148,Logistic Regressor,23432.662618202114,280.0,256.0,0.001,
149,Logistic Regressor,23432.99417977493,140.0,256.0,0.001,
150,Logistic Regressor,23432.584170816946,230.0,256.0,0.001,
151,Logistic Regressor,23432.946259663553,230.0,256.0,0.001,
152,Logistic Regressor,23432.925011994506,230.0,64.0,0.001,
153,Logistic Regressor,23432.854442832413,230.0,16.0,0.001,
154,Logistic Regressor,23432.73334457633,220.0,16.0,0.001,
155,Logistic Regressor,23432.78578834993,220.0,16.0,0.001,
156,Logistic Regressor,23433.00415124042,120.0,16.0,0.001,
157,Logistic Regressor,23433.384119945844,120.0,16.0,0.001,
158,Logistic Regressor,23433.359379736212,120.0,16.0,0.0001,
159,Logistic Regressor,23433.46543782311,120.0,32.0,0.0001,
160,Logistic Regressor,23433.500612887303,120.0,16.0,0.0001,
161,Logistic Regressor,23433.278122865897,120.0,16.0,0.0001,
162,FNN Regressor,23430.76775741695,50.0,128.0,0.001,
163,FNN Regressor,23431.974315975596,50.0,128.0,0.0003,
164,FNN Regressor,23382.22377428119,50.0,128.0,0.01,
165,FNN Regressor,23371.05493897408,50.0,128.0,0.01,
166,MLP Regressor,23422.38595383966,150.0,64.0,0.0003,
167,MLP Regressor,23420.8685882162,150.0,64.0,0.0003,
168,MLP Regressor,23388.60581300075,240.0,64.0,0.0003,
169,MLP Regressor,23393.78226203999,230.0,64.0,0.0003,
170,MLP Regressor,23398.203809680384,230.0,32.0,0.0003,
171,MLP Regressor,23392.050192248156,230.0,32.0,0.0003,
172,MLP Regressor,22393.275608317224,230.0,32.0,0.001,
173,MLP Regressor,22434.279305915228,230.0,128.0,0.001,
174,MLP Regressor,22346.83412842818,230.0,128.0,0.001,
175,LightGBM Regressor,1535.2291944327608,,,,757.0
176,LightGBM Regressor,1535.9595936794362,,,,1122.0
177,LightGBM Regressor,1545.1013952909711,,,,1739.0
178,LightGBM Regressor,1541.6120979386105,,,,1522.0
179,LightGBM Regressor,1545.8949625054317,,,,1853.0
180,LightGBM Regressor,1539.528916745287,,,,1215.0
181,LightGBM Regressor,1535.3897987311984,,,,922.0
182,LightGBM Regressor,1535.7429760216812,,,,1143.0
183,LightGBM Regressor,1536.1130540654326,,,,940.0
184,LightGBM Regressor,1532.954183691472,,,,1006.0
185,LightGBM Regressor,1530.6883138469573,,,,805.0
186,LightGBM Regressor,1544.7243575667262,,,,1591.0
187,LightGBM Regressor,1533.9603492762903,,,,863.0
188,LightGBM Regressor,1533.8144615232375,,,,831.0
189,LightGBM Regressor,1533.5662116300339,,,,1016.0
190,LightGBM Regressor,1551.8057090797345,,,,519.0
191,LightGBM Regressor,1644.0774603856328,,,,324.0
192,LightGBM Regressor,2073.4788904961006,,,,112.0
193,LightGBM Regressor,1545.6736961448453,,,,582.0
194,LightGBM Regressor,1797.1760337826902,,,,203.0
195,LightGBM Regressor,1546.2691651022897,,,,580.0
196,LightGBM Regressor,1543.6383364490832,,,,620.0
197,LightGBM Regressor,1535.883615823388,,,,984.0
198,LightGBM Regressor,1546.20231550944,,,,1816.0
199,LightGBM Regressor,1545.926557391303,,,,1830.0
200,LightGBM Regressor,1546.3030514385046,,,,1868.0
201,LightGBM Regressor,1540.2729968988342,,,,1438.0
202,XGBoost Regressor,1603.31095271947,,,,708.0
203,XGBoost Regressor,1603.298179975612,,,,432.0
204,XGBoost Regressor,1603.3132056263137,,,,1383.0
205,XGBoost Regressor,1603.3104695185214,,,,614.0
206,XGBoost Regressor,1603.311883907501,,,,909.0
207,XGBoost Regressor,1603.310823917545,,,,722.0
208,XGBoost Regressor,1603.313971928952,,,,1657.0
209,XGBoost Regressor,1603.3121651221109,,,,1010.0
210,Logistic Regressor,23433.83370099231,120.0,32.0,0.0001,
211,XGBoost Regressor,1602.407092329004,,,,177.0
212,XGBoost Regressor,1603.29746224157,,,,524.0
213,LightGBM Regressor,1566.0326845945028,,,,463.0
214,LightGBM Regressor,1535.0552183761708,,,,1075.0
215,LightGBM Regressor,1637.093470664934,,,,341.0
216,LightGBM Regressor,1549.0900458819615,,,,538.0
217,FNN Regressor,22188.849617411903,250.0,128.0,0.01,
218,FNN Regressor,22176.33829023425,250.0,128.0,0.01,
219,FNN Regressor,21370.918616997347,320.0,128.0,0.01,
220,FNN Regressor,21343.040412902974,320.0,64.0,0.01,
221,FNN Regressor,21246.208809309857,320.0,64.0,0.01,
222,FNN Regressor,21276.353295638473,320.0,256.0,0.01,
223,FNN Regressor,21590.178891642434,320.0,256.0,0.01,
224,FNN Regressor,21294.9989423401,320.0,64.0,0.01,
225,FNN Regressor,11156.710286977312,320.0,64.0,0.03,
226,FNN Regressor,9607.014960619721,320.0,64.0,0.03,
227,FNN Regressor,9837.204775913011,320.0,128.0,0.03,
228,MLP Regressor,23400.326531350107,230.0,128.0,0.0003,
229,MLP Regressor,7422.796513928892,230.0,128.0,0.003,
230,LightGBM Regressor,1563.5912368835357,,,,468.0
231,MLP Regressor,6913.804456617854,230.0,256.0,0.003,
232,MLP Regressor,22246.409125006896,230.0,256.0,0.001,
233,MLP Regressor,22612.157861677373,230.0,256.0,0.001,
234,MLP Regressor,22520.19437656442,230.0,64.0,0.001,
235,MLP Regressor,22224.13563589709,230.0,128.0,0.001,
236,MLP Regressor,22471.393076041364,230.0,128.0,0.001,
237,XGBoost Regressor,1603.3109057502288,,,,607.0
238,MLP Regressor,22415.66158813863,230.0,32.0,0.001,
239,MLP Regressor,22543.8403496686,230.0,64.0,0.001,
240,MLP Regressor,23393.298496451676,230.0,64.0,0.0003,
241,MLP Regressor,23396.473438337718,230.0,128.0,0.0003,
242,MLP Regressor,23393.899683997526,230.0,32.0,0.0003,
243,MLP Regressor,23398.20814339892,230.0,128.0,0.0003,
244,MLP Regressor,23399.124202551826,230.0,256.0,0.0003,
245,MLP Regressor,23379.2241039895,250.0,256.0,0.0003,
246,MLP Regressor,23428.998730718067,90.0,256.0,0.0003,
247,MLP Regressor,23431.98814726943,50.0,256.0,0.0003,
248,MLP Regressor,23431.915485195652,50.0,128.0,0.0003,
249,LightGBM Regressor,1539.78267988842,,,,725.0
250,LightGBM Regressor,1538.9744757107464,,,,1257.0
251,LightGBM Regressor,1539.4201312756702,,,,1342.0
252,LightGBM Regressor,1533.8042624350514,,,,844.0
253,LightGBM Regressor,1536.9108278669034,,,,1118.0
254,LightGBM Regressor,1534.9820488191924,,,,1081.0
255,FNN Regressor,12250.608912703028,290.0,128.0,0.03,
256,FNN Regressor,12078.590250957423,290.0,256.0,0.03,
257,FNN Regressor,11397.957374005167,290.0,256.0,0.03,
258,XGBoost Regressor,1603.313448761107,,,,1470.0
259,FNN Regressor,13308.612709752415,290.0,64.0,0.03,
260,FNN Regressor,12067.338725469994,290.0,64.0,0.03,
261,FNN Regressor,23296.56260956026,290.0,64.0,0.003,
262,FNN Regressor,23296.466240648442,290.0,64.0,0.003,
263,FNN Regressor,23429.21162395505,290.0,64.0,0.0003,
264,MLP Regressor,23429.28889570158,100.0,128.0,0.0003,
265,MLP Regressor,23354.149493346285,300.0,128.0,0.0003,
266,MLP Regressor,4542.306533766915,300.0,128.0,0.003,
267,MLP Regressor,2829.0719487577767,490.0,128.0,0.003,
268,MLP Regressor,2848.29290751288,490.0,64.0,0.003,
269,MLP Regressor,3012.7790399910523,490.0,64.0,0.003,
270,LightGBM Regressor,1545.159448517268,,,,1639.0
271,LightGBM Regressor,1545.9594292494805,,,,1780.0
272,LightGBM Regressor,1538.8790426320138,,,,1370.0
273,Logistic Regressor,23433.453449858007,120.0,128.0,0.0001,
274,Logistic Regressor,23433.625951166472,120.0,128.0,0.0001,
275,Logistic Regressor,23433.31495499423,310.0,128.0,0.0001,
276,Logistic Regressor,23433.75034493493,310.0,32.0,0.0001,
277,Logistic Regressor,23432.647732698373,310.0,32.0,0.001,
278,Logistic Regressor,23432.49044746769,460.0,32.0,0.001,
279,LightGBM Regressor,1533.8144615232375,,,,831.0
280,LightGBM Regressor,1540.3228681813857,,,,1410.0
281,LightGBM Regressor,1539.920452663948,,,,1284.0
282,XGBoost Regressor,1603.3127393893333,,,,1216.0
283,XGBoost Regressor,1602.9720753879842,,,,308.0
284,XGBoost Regressor,1603.3128761253347,,,,1265.0
285,XGBoost Regressor,1603.313247534138,,,,1398.0
286,XGBoost Regressor,1603.3114555331117,,,,787.0
287,XGBoost Regressor,1603.3137927896253,,,,1593.0
288,XGBoost Regressor,1603.3146192650777,,,,1888.0
289,XGBoost Regressor,1603.3122542669703,,,,1042.0
290,Logistic Regressor,23421.14904264467,460.0,32.0,0.01,
291,Logistic Regressor,23420.98555306881,460.0,32.0,0.01,
292,Logistic Regressor,23427.05627593842,240.0,32.0,0.01,
293,Logistic Regressor,23432.705281749022,240.0,32.0,0.001,
294,Logistic Regressor,23432.660674831557,240.0,32.0,0.001,
295,Logistic Regressor,23432.58981530224,290.0,32.0,0.001,
296,XGBoost Regressor,1603.3143921424507,,,,1807.0
297,XGBoost Regressor,1603.3118087696146,,,,882.0
298,XGBoost Regressor,1603.3135885696524,,,,1520.0
299,LightGBM Regressor,1571.5110676265224,,,,447.0
300,LightGBM Regressor,2104.655999863559,,,,103.0
301,LightGBM Regressor,1535.9688879522953,,,,737.0
302,LightGBM Regressor,1533.5442377369147,,,,839.0
303,LightGBM Regressor,1535.6095674851483,,,,963.0
304,LightGBM Regressor,2521.1330718810077,,,,59.0
305,MLP Regressor,23090.89240170825,490.0,64.0,0.0003,
306,MLP Regressor,12380.519423931039,490.0,64.0,0.001,
307,MLP Regressor,17600.383630487635,400.0,64.0,0.001,
308,MLP Regressor,3291.6902999000536,400.0,64.0,0.003,
309,MLP Regressor,23233.808510115286,400.0,64.0,0.0003,
310,MLP Regressor,23244.684826839428,400.0,128.0,0.0003,
311,MLP Regressor,23263.712881008934,400.0,128.0,0.0003,
312,MLP Regressor,23252.20551965005,400.0,128.0,0.0003,
313,Logistic Regressor,23432.879702626848,130.0,32.0,0.001,
314,Logistic Regressor,23433.142821463596,130.0,32.0,0.001,
315,Logistic Regressor,23432.550907047844,320.0,32.0,0.001,
316,Logistic Regressor,23432.28529670427,410.0,32.0,0.001,
317,Logistic Regressor,23432.363509816474,410.0,64.0,0.001,
318,Logistic Regressor,23432.254138623495,480.0,64.0,0.001,
319,Logistic Regressor,23432.470368722803,480.0,256.0,0.001,
320,Logistic Regressor,23432.134312938426,480.0,128.0,0.001,
321,XGBoost Regressor,1603.313359312715,,,,1438.0
322,XGBoost Regressor,1603.3106052262767,,,,649.0
323,XGBoost Regressor,1603.3116724495308,,,,833.0
324,XGBoost Regressor,1603.312633385803,,,,1178.0
325,XGBoost Regressor,1603.2990957077604,,,,515.0
326,XGBoost Regressor,1603.3109551227396,,,,667.0
327,XGBoost Regressor,1603.3133453384537,,,,1433.0
328,XGBoost Regressor,1603.3132195950345,,,,1388.0
329,FNN Regressor,23277.691151670708,290.0,64.0,0.003,
330,FNN Regressor,23292.706105610065,290.0,64.0,0.003,
331,FNN Regressor,21727.324769079016,290.0,64.0,0.01,
332,Logistic Regressor,23433.40315383737,480.0,128.0,0.0001,
333,Logistic Regressor,23433.229316087334,480.0,128.0,0.0001,
334,Logistic Regressor,23433.541084565055,480.0,128.0,0.0001,
335,Logistic Regressor,23433.54089471203,430.0,128.0,0.0001,
336,Logistic Regressor,23433.455544870674,430.0,128.0,0.0001,
337,Logistic Regressor,23433.41612624408,360.0,128.0,0.0001,
338,Logistic Regressor,23432.641650251033,360.0,128.0,0.001,
339,MLP Regressor,23383.4618755793,270.0,128.0,0.0003,
340,MLP Regressor,23421.0549707107,150.0,128.0,0.0003,
341,MLP Regressor,17813.715866564093,150.0,128.0,0.003,
342,XGBoost Regressor,1603.3025630126401,,,,539.0
343,Logistic Regressor,23432.292227834314,360.0,128.0,0.001,
344,LightGBM Regressor,1542.1300382727788,,,,712.0
345,MLP Regressor,18255.316728701153,150.0,128.0,0.003,
346,MLP Regressor,20946.900288719437,120.0,128.0,0.003,
347,LightGBM Regressor,1540.7017236776994,,,,1431.0
348,MLP Regressor,20894.585344843636,120.0,256.0,0.003,
349,MLP Regressor,23308.25263561492,120.0,256.0,0.001,
350,MLP Regressor,21766.11465628778,270.0,256.0,0.001,
351,MLP Regressor,23428.739840893497,270.0,256.0,0.0001,
352,MLP Regressor,23429.018124571292,270.0,256.0,0.0001,
353,MLP Regressor,23426.72269904516,270.0,256.0,0.0001,
354,LightGBM Regressor,1540.5809808529773,,,,666.0
355,LightGBM Regressor,1593.0405446161826,,,,388.0
356,LightGBM Regressor,1538.2935120194704,,,,1249.0
357,LightGBM Regressor,1547.3715927351566,,,,1921.0
358,LightGBM Regressor,1545.5223281746846,,,,1635.0
359,LightGBM Regressor,1533.9255283816044,,,,764.0
360,LightGBM Regressor,1638.42021844573,,,,340.0
361,LightGBM Regressor,1574.2868267443741,,,,423.0
362,LightGBM Regressor,1535.4773376426533,,,,942.0
363,LightGBM Regressor,1931.2776944996697,,,,144.0
364,FNN Regressor,21860.736034217698,290.0,256.0,0.01,
365,FNN Regressor,23285.016010536787,290.0,256.0,0.003,
366,FNN Regressor,23291.665087671,290.0,64.0,0.003,
367,FNN Regressor,23124.643270603854,400.0,64.0,0.003,
368,FNN Regressor,23122.502807146102,400.0,16.0,0.003,
369,Logistic Regressor,23432.74579182303,230.0,128.0,0.001,
370,Logistic Regressor,23433.047812673663,230.0,64.0,0.001,
371,XGBoost Regressor,1603.2990957077604,,,,515.0
372,XGBoost Regressor,1603.309166690486,,,,621.0
373,XGBoost Regressor,1603.3137032540028,,,,1561.0
374,XGBoost Regressor,1603.3133062134696,,,,1419.0
375,XGBoost Regressor,1603.31360814727,,,,1527.0
376,XGBoost Regressor,1603.3121734784775,,,,1013.0
377,XGBoost Regressor,1603.313431987805,,,,1464.0
378,XGBoost Regressor,1603.3143585070206,,,,1795.0
379,XGBoost Regressor,1603.3123044209265,,,,1060.0
380,XGBoost Regressor,1603.2992992895379,,,,546.0
381,XGBoost Regressor,1603.3121762639773,,,,1014.0
382,XGBoost Regressor,1603.3142464119687,,,,1755.0
383,XGBoost Regressor,1603.3129738264854,,,,1300.0
384,FNN Regressor,20073.525766517683,400.0,16.0,0.01,
385,FNN Regressor,22638.998868790513,200.0,16.0,0.01,
386,MLP Regressor,23428.269689274985,270.0,128.0,0.0001,
387,MLP Regressor,23425.15035645172,330.0,128.0,0.0001,
388,MLP Regressor,19990.91471716405,330.0,128.0,0.001,
389,MLP Regressor,19941.229627783712,330.0,256.0,0.001,
390,MLP Regressor,19668.9632754124,330.0,64.0,0.001,
391,MLP Regressor,19936.435230216193,330.0,32.0,0.001,
392,MLP Regressor,19881.860802751657,330.0,64.0,0.001,
393,MLP Regressor,23425.30749672416,330.0,64.0,0.0001,
394,LightGBM Regressor,1550.559288047151,,,,533.0
395,LightGBM Regressor,1541.0474792462394,,,,1472.0
396,LightGBM Regressor,1544.8136158218836,,,,1675.0
397,LightGBM Regressor,1538.118813686372,,,,1193.0
398,XGBoost Regressor,1603.313560603511,,,,1510.0
399,XGBoost Regressor,1603.314669756519,,,,1906.0
400,XGBoost Regressor,1603.3141707678546,,,,1728.0
401,LightGBM Regressor,1533.6794721511653,,,,827.0
402,LightGBM Regressor,1535.6490850370806,,,,948.0
403,LightGBM Regressor,1548.8216152247585,,,,544.0
404,LightGBM Regressor,1974.639437344518,,,,130.0
405,LightGBM Regressor,1545.2578806427136,,,,571.0
406,LightGBM Regressor,1833.4724511476895,,,,185.0
407,LightGBM Regressor,1578.4105288675464,,,,410.0
408,LightGBM Regressor,1533.53056308579,,,,999.0
409,LightGBM Regressor,1531.829204311527,,,,815.0
410,FNN Regressor,22207.45706634791,200.0,16.0,0.01,
411,FNN Regressor,22669.592520772356,200.0,16.0,0.01,
412,XGBoost Regressor,1603.3132670928292,,,,1405.0
413,XGBoost Regressor,1603.3141287503277,,,,1713.0
414,XGBoost Regressor,1603.3127533395486,,,,1221.0
415,XGBoost Regressor,1603.314627679819,,,,1891.0
416,XGBoost Regressor,1603.3148381131823,,,,1966.0
417,XGBoost Regressor,1603.3139355339295,,,,1644.0
418,XGBoost Regressor,1603.3138151770768,,,,1601.0
419,MLP Regressor,23314.216074725075,330.0,64.0,0.0003,
420,MLP Regressor,23425.83330706215,330.0,64.0,0.0001,
421,MLP Regressor,23426.10493505974,330.0,64.0,0.0001,
422,MLP Regressor,23427.345386054392,290.0,64.0,0.0001,
423,MLP Regressor,21057.569208010184,290.0,64.0,0.001,
424,MLP Regressor,4745.020308180831,290.0,64.0,0.003,
425,MLP Regressor,23373.940746147684,290.0,64.0,0.0003,
426,MLP Regressor,23297.141273537483,390.0,64.0,0.0003,
427,MLP Regressor,17596.952050829434,390.0,64.0,0.001,
428,MLP Regressor,17866.2343328427,390.0,256.0,0.001,
429,MLP Regressor,22182.288759816474,240.0,256.0,0.001,
430,MLP Regressor,22207.475467652173,240.0,256.0,0.001,
431,MLP Regressor,21882.94120674965,270.0,256.0,0.001,
432,MLP Regressor,19476.537756023194,360.0,256.0,0.001,
433,MLP Regressor,23423.62840792337,360.0,256.0,0.0001,
434,MLP Regressor,23431.66853647589,170.0,256.0,0.0001,
435,MLP Regressor,23431.620921286063,170.0,256.0,0.0001,
436,MLP Regressor,23431.5379665943,170.0,128.0,0.0001,
437,MLP Regressor,23431.178909585247,170.0,256.0,0.0001,
438,MLP Regressor,23417.41277638138,170.0,256.0,0.0003,
439,MLP Regressor,23427.331281009858,120.0,256.0,0.0003,
440,MLP Regressor,23295.430966723365,120.0,256.0,0.001,
441,MLP Regressor,22058.755296653642,250.0,256.0,0.001,
442,MLP Regressor,5013.323968226163,250.0,256.0,0.003,
443,LightGBM Regressor,1638.624788749357,,,,338.0
444,LightGBM Regressor,1538.4114397415942,,,,1241.0
445,LightGBM Regressor,1536.4857987148964,,,,1116.0
446,LightGBM Regressor,1539.0530983889198,,,,1375.0
447,LightGBM Regressor,1563.9377351061707,,,,472.0
448,LightGBM Regressor,1536.2674615201618,,,,1123.0
449,XGBoost Regressor,1603.3138179756081,,,,1602.0
450,XGBoost Regressor,1603.3148830217672,,,,1982.0
451,XGBoost Regressor,1603.3139775285188,,,,1659.0
452,XGBoost Regressor,1603.3120203101168,,,,958.0
453,XGBoost Regressor,1602.862134017182,,,,275.0
454,Logistic Regressor,23432.65850161243,310.0,64.0,0.001,
455,Logistic Regressor,23432.237582385624,470.0,64.0,0.001,
456,MLP Regressor,23383.665712687154,250.0,256.0,0.0003,
457,MLP Regressor,23381.1834725603,250.0,256.0,0.0003,
458,MLP Regressor,6192.4732745970805,250.0,256.0,0.003,
459,MLP Regressor,3134.080731721736,450.0,256.0,0.003,
460,XGBoost Regressor,1603.3104781909278,,,,652.0
461,XGBoost Regressor,1603.3106920498806,,,,759.0
462,Logistic Regressor,23432.389990514243,480.0,64.0,0.001,
463,Logistic Regressor,23432.134653345693,480.0,32.0,0.001,
464,Logistic Regressor,23432.25231265251,480.0,128.0,0.001,
465,Logistic Regressor,23432.13000350253,480.0,128.0,0.001,
466,Logistic Regressor,23432.278981533957,480.0,128.0,0.001,
467,Logistic Regressor,23432.152561788753,470.0,128.0,0.001,
468,Logistic Regressor,23433.08437885219,470.0,128.0,0.0003,
469,Logistic Regressor,23432.859456362774,470.0,128.0,0.0003,
470,Logistic Regressor,23433.388504554066,470.0,128.0,0.0001,
471,Logistic Regressor,23433.456233277466,440.0,128.0,0.0001,
472,Logistic Regressor,23432.86858320639,440.0,128.0,0.0003,
473,Logistic Regressor,23433.036789909733,380.0,128.0,0.0003,
474,Logistic Regressor,23432.853147624985,380.0,128.0,0.0003,
475,Logistic Regressor,23433.240610284778,380.0,32.0,0.0003,
476,Logistic Regressor,23433.43979923093,380.0,32.0,0.0003,
477,Logistic Regressor,23433.416159135384,380.0,32.0,0.0003,
478,Logistic Regressor,23433.07843502342,380.0,32.0,0.0003,
479,Logistic Regressor,23433.227422672368,380.0,32.0,0.0003,
480,Logistic Regressor,23433.23796692685,380.0,32.0,0.0003,
481,Logistic Regressor,23433.172537911396,380.0,32.0,0.0003,
482,Logistic Regressor,23433.32086088902,380.0,32.0,0.0001,
483,Logistic Regressor,23433.3893191358,370.0,32.0,0.0001,
484,Logistic Regressor,23433.642577510764,370.0,32.0,0.0001,
485,MLP Regressor,4558.604952549234,290.0,256.0,0.003,
486,MLP Regressor,6335.113422826164,240.0,256.0,0.003,
487,XGBoost Regressor,1599.4381043550818,,,,59.0
488,XGBoost Regressor,1603.2949020272995,,,,485.0
489,XGBoost Regressor,1603.312226406764,,,,1032.0
490,XGBoost Regressor,1603.3094366242108,,,,635.0
491,Logistic Regressor,23433.50311468592,170.0,32.0,0.0001,
492,Logistic Regressor,23433.560576910193,360.0,32.0,0.0001,
493,Logistic Regressor,23433.407131899312,360.0,32.0,0.0001,
494,FNN Regressor,22679.499623338947,200.0,64.0,0.01,
495,FNN Regressor,22645.19419642946,200.0,64.0,0.01,
496,FNN Regressor,23285.383519641942,100.0,64.0,0.01,
497,Logistic Regressor,23433.59883926648,270.0,32.0,0.0001,
498,Logistic Regressor,23433.5228849211,270.0,32.0,0.0001,
499,Logistic Regressor,23432.865175366325,270.0,32.0,0.001,
500,Logistic Regressor,23432.76893721855,240.0,32.0,0.001,
501,Logistic Regressor,23433.181417857177,240.0,32.0,0.001,
502,XGBoost Regressor,1603.3130184989107,,,,1316.0
503,XGBoost Regressor,1603.3124967442789,,,,1129.0
504,MLP Regressor,5419.6266847656525,240.0,256.0,0.003,
505,MLP Regressor,19192.718004284627,140.0,256.0,0.003,
506,MLP Regressor,18680.856703447556,140.0,256.0,0.003,
507,LightGBM Regressor,1595.8607649302078,,,,383.0
508,LightGBM Regressor,1539.3786550202565,,,,1227.0
509,FNN Regressor,23253.633723835956,100.0,64.0,0.01,
510,FNN Regressor,21235.543896917803,100.0,64.0,0.03,
511,FNN Regressor,21625.765263992387,100.0,128.0,0.03,
512,FNN Regressor,21737.540397490237,100.0,64.0,0.03,
513,MLP Regressor,18668.66957653815,140.0,128.0,0.003,
514,MLP Regressor,3661.9904477689215,330.0,128.0,0.003,
515,MLP Regressor,4221.642244525066,290.0,128.0,0.003,
516,MLP Regressor,20700.53192651775,290.0,128.0,0.001,
517,MLP Regressor,22028.400295788975,250.0,128.0,0.001,
518,MLP Regressor,23429.88591356335,250.0,128.0,0.0001,
519,MLP Regressor,23432.578955494453,100.0,128.0,0.0001,
520,FNN Regressor,21810.219187159317,100.0,64.0,0.03,
521,FNN Regressor,21595.888719821698,100.0,64.0,0.03,
522,FNN Regressor,23412.329022715756,100.0,64.0,0.003,
523,FNN Regressor,23411.861565631207,100.0,16.0,0.003,
524,FNN Regressor,23412.88364724848,100.0,32.0,0.003,
525,FNN Regressor,23382.34105855932,170.0,32.0,0.003,
526,FNN Regressor,23384.168407697136,170.0,32.0,0.003,
527,FNN Regressor,22807.17850247459,170.0,32.0,0.01,
528,FNN Regressor,22753.15566483516,200.0,32.0,0.01,
529,FNN Regressor,23364.06369991903,200.0,32.0,0.003,
530,FNN Regressor,23432.058499214872,200.0,32.0,0.0001,
531,FNN Regressor,23433.270634751007,50.0,32.0,0.0001,
532,FNN Regressor,23433.300093504742,50.0,32.0,0.0001,
533,FNN Regressor,23432.934148591543,50.0,16.0,0.0001,
534,FNN Regressor,23432.581553819015,50.0,32.0,0.0001,
535,FNN Regressor,23432.70468882095,50.0,16.0,0.0001,
536,FNN Regressor,23430.328024589922,50.0,16.0,0.001,
537,FNN Regressor,23430.476443528685,50.0,16.0,0.001,
538,FNN Regressor,23430.77555114803,50.0,16.0,0.001,
539,FNN Regressor,23430.423491853777,50.0,64.0,0.001,
540,FNN Regressor,23428.073531897033,110.0,64.0,0.001,
541,FNN Regressor,21099.30892933872,110.0,64.0,0.03,
542,MLP Regressor,23432.41677701522,100.0,32.0,0.0001,
543,XGBoost Regressor,1603.3135689931207,,,,1513.0
544,XGBoost Regressor,1603.3136836711105,,,,1554.0
545,XGBoost Regressor,1603.313110653706,,,,1349.0
546,XGBoost Regressor,1603.3113008417251,,,,776.0
547,MLP Regressor,23432.71007357585,100.0,32.0,0.0001,
548,MLP Regressor,23432.654778262528,80.0,32.0,0.0001,
549,MLP Regressor,23427.008766184357,290.0,32.0,0.0001,
550,MLP Regressor,23428.597751620462,290.0,64.0,0.0001,
551,MLP Regressor,23423.879536264674,390.0,64.0,0.0001,
552,Logistic Regressor,23432.465913324722,400.0,32.0,0.001,
553,Logistic Regressor,23432.421262338863,400.0,32.0,0.001,
554,Logistic Regressor,23432.946067275614,200.0,32.0,0.001,
555,Logistic Regressor,23433.247475510274,100.0,32.0,0.001,
556,Logistic Regressor,23433.604717224094,100.0,32.0,0.0001,
557,Logistic Regressor,23433.428135404283,100.0,32.0,0.0003,
558,LightGBM Regressor,1535.6512417017104,,,,1058.0
559,LightGBM Regressor,1547.8636764866412,,,,1946.0
560,LightGBM Regressor,1539.2121858100525,,,,1346.0
561,LightGBM Regressor,1538.150046089578,,,,1181.0
562,LightGBM Regressor,1540.9443281072868,,,,1428.0
563,MLP Regressor,23230.59577759344,390.0,64.0,0.0003,
564,MLP Regressor,23257.616219681346,390.0,32.0,0.0003,
565,MLP Regressor,23351.10615075456,320.0,32.0,0.0003,
566,MLP Regressor,23426.80997276564,320.0,32.0,0.0001,
567,MLP Regressor,23427.463901107185,320.0,32.0,0.0001,
568,MLP Regressor,23427.92998417521,310.0,32.0,0.0001,
569,MLP Regressor,23427.613355568243,310.0,64.0,0.0001,
570,MLP Regressor,23427.25882636896,310.0,256.0,0.0001,
571,MLP Regressor,23431.722252489242,160.0,256.0,0.0001,
572,FNN Regressor,21623.551070793266,110.0,32.0,0.03,
573,FNN Regressor,21538.77599021018,110.0,16.0,0.03,
574,FNN Regressor,23408.290090042898,110.0,16.0,0.003,
575,FNN Regressor,23409.41495256347,110.0,16.0,0.003,
576,FNN Regressor,23408.930498223584,110.0,16.0,0.003,
577,FNN Regressor,23148.67015400407,330.0,16.0,0.003,
578,FNN Regressor,23223.762216579205,330.0,16.0,0.003,
579,FNN Regressor,23191.343074996577,330.0,16.0,0.003,
580,FNN Regressor,23220.234377293207,330.0,32.0,0.003,
581,FNN Regressor,9839.279859999862,330.0,32.0,0.03,
582,FNN Regressor,21258.23034171193,330.0,32.0,0.01,
583,FNN Regressor,23200.614505340924,330.0,32.0,0.003,
584,FNN Regressor,9294.99155496582,330.0,32.0,0.03,
585,FNN Regressor,21122.740158438723,330.0,32.0,0.01,
586,FNN Regressor,21202.71963032255,330.0,16.0,0.01,
587,FNN Regressor,21289.163302235473,330.0,16.0,0.01,
588,FNN Regressor,19218.036712924113,450.0,16.0,0.01,
589,FNN Regressor,19230.936206518585,450.0,16.0,0.01,
590,FNN Regressor,19808.174960200668,410.0,16.0,0.01,
591,FNN Regressor,23106.947020098924,410.0,16.0,0.003,
592,FNN Regressor,20042.523629097635,410.0,16.0,0.01,
593,FNN Regressor,20059.321436557417,410.0,16.0,0.01,
594,FNN Regressor,20620.26813513999,370.0,16.0,0.01,
595,FNN Regressor,23427.711931702957,370.0,16.0,0.0003,
596,MLP Regressor,23431.144370045862,160.0,128.0,0.0001,
597,MLP Regressor,23431.954829544902,150.0,128.0,0.0001,
598,MLP Regressor,23432.57619936328,100.0,128.0,0.0001,
599,Logistic Regressor,23433.380611649503,320.0,32.0,0.0003,
600,Logistic Regressor,23433.344466863407,320.0,16.0,0.0003,
601,Logistic Regressor,23433.31713764268,360.0,16.0,0.0003,
602,Logistic Regressor,23433.273058923784,150.0,16.0,0.0003,
603,Logistic Regressor,23433.42439754407,150.0,16.0,0.0001,
604,XGBoost Regressor,1603.3131134466523,,,,1350.0
605,XGBoost Regressor,1603.310969571284,,,,594.0
606,XGBoost Regressor,1603.3130017460862,,,,1310.0
607,XGBoost Regressor,1603.3147511189445,,,,1935.0
608,MLP Regressor,23432.493312658276,100.0,256.0,0.0001,
609,XGBoost Regressor,1603.3141063430187,,,,1705.0
610,XGBoost Regressor,1603.312215263302,,,,1028.0
611,XGBoost Regressor,1602.9199556376989,,,,294.0
612,XGBoost Regressor,1603.3124995323494,,,,1130.0
613,XGBoost Regressor,1603.3127812416417,,,,1231.0
614,LightGBM Regressor,1540.0447644198878,,,,1445.0
615,LightGBM Regressor,1540.0292358285099,,,,1283.0
616,LightGBM Regressor,1535.6639874077425,,,,1091.0
617,LightGBM Regressor,1536.6328983256692,,,,1163.0
618,XGBoost Regressor,1603.3126529103645,,,,1185.0
619,XGBoost Regressor,1603.2999113556345,,,,434.0
620,XGBoost Regressor,1603.3117837272425,,,,873.0
621,FNN Regressor,23428.482642410527,370.0,16.0,0.0003,
622,FNN Regressor,23428.585434402834,310.0,16.0,0.0003,
623,FNN Regressor,23236.804760671108,310.0,16.0,0.003,
624,FNN Regressor,10528.966014307778,310.0,16.0,0.03,
625,FNN Regressor,11209.185330440101,310.0,64.0,0.03,
626,FNN Regressor,12090.711957344265,310.0,64.0,0.03,
627,FNN Regressor,10367.259437094119,310.0,64.0,0.03,
628,XGBoost Regressor,1603.3142267989804,,,,1748.0
629,XGBoost Regressor,1603.3121456246981,,,,1003.0
630,XGBoost Regressor,1603.3118811243282,,,,908.0
631,XGBoost Regressor,1603.3144538156946,,,,1829.0
632,XGBoost Regressor,1603.3126445425623,,,,1182.0
633,Logistic Regressor,23433.654330302343,150.0,32.0,0.0001,
634,Logistic Regressor,23433.455446849734,300.0,32.0,0.0001,
635,Logistic Regressor,23432.783005948455,300.0,32.0,0.001,
636,Logistic Regressor,23431.02647723489,300.0,32.0,0.003,
637,Logistic Regressor,23430.72317024087,320.0,32.0,0.003,
638,Logistic Regressor,23431.25309715557,280.0,32.0,0.003,
639,Logistic Regressor,23432.815642858288,280.0,32.0,0.001,
640,Logistic Regressor,23432.825593632373,280.0,32.0,0.001,
641,Logistic Regressor,23432.499851790715,370.0,32.0,0.001,
642,Logistic Regressor,23432.614014021114,340.0,32.0,0.001,
643,Logistic Regressor,23432.338116721592,390.0,32.0,0.001,
644,Logistic Regressor,23422.76317656488,390.0,32.0,0.01,
645,Logistic Regressor,23422.824537595712,390.0,32.0,0.01,
646,MLP Regressor,23429.309687837616,100.0,256.0,0.0003,
647,LightGBM Regressor,1540.4030063748664,,,,1423.0
648,LightGBM Regressor,1539.1457792979538,,,,726.0
649,LightGBM Regressor,1539.528916745287,,,,1215.0
650,LightGBM Regressor,1536.2434724274783,,,,1146.0
651,LightGBM Regressor,1547.7376999582998,,,,1965.0
652,FNN Regressor,10306.416891330535,330.0,64.0,0.03,
653,FNN Regressor,23405.473725688305,330.0,64.0,0.001,
654,FNN Regressor,23404.994907971402,330.0,32.0,0.001,
655,FNN Regressor,23406.950767342696,330.0,128.0,0.001,
656,FNN Regressor,23417.873649509467,230.0,128.0,0.001,
657,FNN Regressor,23417.732608277685,230.0,256.0,0.001,
658,FNN Regressor,23391.689380114087,430.0,256.0,0.001,
659,FNN Regressor,23392.5058577461,420.0,256.0,0.001,
660,LightGBM Regressor,1539.2644333439248,,,,1373.0
661,LightGBM Regressor,1538.2734405899337,,,,1192.0
662,LightGBM Regressor,1544.8553857350894,,,,1615.0
663,LightGBM Regressor,1533.9494449744152,,,,918.0
664,LightGBM Regressor,1545.811341612952,,,,1764.0
665,LightGBM Regressor,1544.7723727916143,,,,1594.0
666,LightGBM Regressor,1539.7254875910542,,,,1354.0
667,LightGBM Regressor,1546.20231550944,,,,1816.0
668,XGBoost Regressor,1603.3137592111075,,,,1581.0
669,XGBoost Regressor,1603.3135745863046,,,,1515.0
670,XGBoost Regressor,1603.311939575611,,,,929.0
671,XGBoost Regressor,1603.3118699918587,,,,904.0
672,XGBoost Regressor,1603.3120676459062,,,,975.0
673,XGBoost Regressor,1603.3125971287843,,,,1165.0
674,LightGBM Regressor,1535.4464180624386,,,,978.0
675,LightGBM Regressor,1553.2489144306696,,,,508.0
676,XGBoost Regressor,1603.2359128377643,,,,385.0
677,XGBoost Regressor,1603.3110594211469,,,,687.0
678,XGBoost Regressor,1603.3132950357005,,,,1415.0
679,XGBoost Regressor,1603.2954386102424,,,,497.0
680,XGBoost Regressor,1603.3107829114554,,,,608.0
681,XGBoost Regressor,1603.3123044209265,,,,1060.0
682,XGBoost Regressor,1603.3143304799335,,,,1785.0
683,LightGBM Regressor,1533.7003964792334,,,,876.0
684,LightGBM Regressor,1544.9079264446086,,,,615.0
685,Logistic Regressor,23423.325457058392,380.0,32.0,0.01,
686,Logistic Regressor,23423.101789941524,380.0,32.0,0.01,
687,LightGBM Regressor,1548.2946837509335,,,,553.0
688,LightGBM Regressor,1537.2609675725062,,,,1171.0
689,LightGBM Regressor,1539.528916745287,,,,1215.0
690,LightGBM Regressor,1540.1660724998774,,,,673.0
691,LightGBM Regressor,1612.71689166722,,,,366.0
692,LightGBM Regressor,1535.9688879522953,,,,737.0
693,XGBoost Regressor,1603.3118560767705,,,,899.0
694,XGBoost Regressor,1603.3139355339295,,,,1644.0
695,XGBoost Regressor,1603.3145547586853,,,,1865.0
696,XGBoost Regressor,1603.3122849157571,,,,1053.0
697,XGBoost Regressor,1603.3119757646364,,,,942.0
698,XGBoost Regressor,1603.3111593955632,,,,674.0
699,XGBoost Regressor,1603.3125905099546,,,,582.0
700,XGBoost Regressor,1603.3128091459505,,,,1241.0
701,XGBoost Regressor,1603.3107311574577,,,,739.0
702,XGBoost Regressor,1603.3125664526935,,,,1154.0
703,XGBoost Regressor,1602.9845286894479,,,,316.0
704,XGBoost Regressor,1603.3114240028733,,,,790.0
705,XGBoost Regressor,1603.3128286802855,,,,1248.0
706,LightGBM Regressor,1545.002330828921,,,,1643.0
707,LightGBM Regressor,1535.2042417622529,,,,950.0
708,LightGBM Regressor,1533.2395347387423,,,,899.0
709,LightGBM Regressor,2636.3848478431405,,,,53.0
710,Logistic Regressor,23430.409959174198,380.0,32.0,0.003,
711,LightGBM Regressor,1879.8071993138296,,,,162.0
712,LightGBM Regressor,2237.2038194541706,,,,86.0
713,XGBoost Regressor,1603.3122236208653,,,,1031.0
714,XGBoost Regressor,1603.3137368272019,,,,1573.0
715,XGBoost Regressor,1603.311518449634,,,,799.0
716,XGBoost Regressor,1603.312206905938,,,,1025.0
717,XGBoost Regressor,1603.0147769881314,,,,322.0
718,XGBoost Regressor,1603.3121149881003,,,,992.0
719,XGBoost Regressor,1603.313518658454,,,,1495.0
720,XGBoost Regressor,1603.312415899871,,,,1100.0
721,XGBoost Regressor,1603.3133565178182,,,,1437.0
722,XGBoost Regressor,1603.3014327683936,,,,468.0
723,XGBoost Regressor,1603.3116288514946,,,,825.0
724,XGBoost Regressor,1603.3122737704334,,,,1049.0
725,XGBoost Regressor,1603.3119145238645,,,,920.0
726,XGBoost Regressor,1603.3133425436679,,,,1432.0
727,XGBoost Regressor,1603.314467833837,,,,1834.0
728,XGBoost Regressor,1603.3119507102967,,,,933.0
729,XGBoost Regressor,1603.3140979406437,,,,1702.0
730,LightGBM Regressor,1536.365124965215,,,,931.0
731,LightGBM Regressor,1535.9775948531114,,,,932.0
732,LightGBM Regressor,1534.4889054546666,,,,865.0
733,LightGBM Regressor,1534.0796608575831,,,,846.0
734,LightGBM Regressor,1539.4331862477288,,,,1321.0
735,LightGBM Regressor,1538.8301215525155,,,,1232.0
736,LightGBM Regressor,1543.7268614928807,,,,1566.0
737,LightGBM Regressor,1540.6881582629496,,,,1477.0
738,LightGBM Regressor,1546.1501121040487,,,,577.0
739,LightGBM Regressor,1539.7674587583556,,,,702.0
740,LightGBM Regressor,1534.0980742918382,,,,1023.0
741,LightGBM Regressor,1536.27369932049,,,,970.0
742,XGBoost Regressor,1603.3135158622943,,,,1494.0
743,XGBoost Regressor,1603.312650121075,,,,1184.0
744,XGBoost Regressor,1603.3117058291211,,,,845.0
745,LightGBM Regressor,1542.6927159224028,,,,1528.0
746,LightGBM Regressor,1546.0977070193983,,,,1863.0
747,LightGBM Regressor,1540.9876749242412,,,,1475.0
748,LightGBM Regressor,1535.5314143279986,,,,987.0
749,LightGBM Regressor,1577.1681127499733,,,,418.0
750,XGBoost Regressor,1603.293175560872,,,,488.0
751,LightGBM Regressor,1551.4023714620419,,,,524.0
752,LightGBM Regressor,1539.9278382273744,,,,1447.0
753,LightGBM Regressor,1534.0591759130857,,,,1021.0
754,LightGBM Regressor,1544.6519101402266,,,,1589.0
755,LightGBM Regressor,1541.6120979386105,,,,1522.0
756,LightGBM Regressor,1546.2960209470905,,,,1872.0
757,LightGBM Regressor,1547.4964013611077,,,,1923.0
758,LightGBM Regressor,1539.3171842594488,,,,1229.0
759,LightGBM Regressor,1532.5086126996503,,,,816.0
760,XGBoost Regressor,1603.2990058810892,,,,514.0
761,LightGBM Regressor,1666.8046434336509,,,,295.0
762,LightGBM Regressor,1568.0151100570454,,,,458.0
763,LightGBM Regressor,1543.6383364490832,,,,620.0
764,LightGBM Regressor,1535.5963126510871,,,,1134.0
765,LightGBM Regressor,1638.6666968843992,,,,335.0
766,LightGBM Regressor,1533.2896660101217,,,,885.0
767,LightGBM Regressor,1533.9918288087165,,,,1037.0
768,LightGBM Regressor,1536.4897510103178,,,,1112.0
769,LightGBM Regressor,1637.9083429158593,,,,332.0
770,MLP Regressor,23352.42398310042,100.0,256.0,0.001,
771,MLP Regressor,21304.40032451481,290.0,256.0,0.001,
772,MLP Regressor,14127.925990266407,430.0,256.0,0.001,
773,MLP Regressor,19474.837104355804,360.0,256.0,0.001,
774,XGBoost Regressor,1603.298179975612,,,,432.0
775,XGBoost Regressor,1603.310920437939,,,,701.0
776,XGBoost Regressor,1603.3138263713342,,,,1605.0
777,XGBoost Regressor,1603.3146725618096,,,,1907.0
778,XGBoost Regressor,1603.3148577599902,,,,1973.0
779,XGBoost Regressor,1603.3139635297682,,,,1654.0
780,XGBoost Regressor,1603.3141231483673,,,,1711.0
781,XGBoost Regressor,1603.3137116470034,,,,1564.0
782,XGBoost Regressor,1603.3149279360255,,,,1998.0
783,XGBoost Regressor,1603.3138739508854,,,,1622.0
784,XGBoost Regressor,1603.3125803960388,,,,1159.0
785,XGBoost Regressor,1603.3124939562306,,,,1128.0
786,XGBoost Regressor,1602.0806798255549,,,,209.0
787,XGBoost Regressor,1603.2866029694983,,,,387.0
788,XGBoost Regressor,1603.3118672087967,,,,903.0
789,XGBoost Regressor,1603.3117559044904,,,,863.0
790,XGBoost Regressor,1603.3134627394684,,,,1475.0
791,XGBoost Regressor,1603.3144201744137,,,,1817.0
792,LightGBM Regressor,1538.2738999169205,,,,1251.0
793,LightGBM Regressor,1581.6207950580795,,,,398.0
794,MLP Regressor,22699.661421594465,200.0,256.0,0.001,
795,MLP Regressor,22577.148681053106,210.0,256.0,0.001,
796,MLP Regressor,22685.548498805096,210.0,64.0,0.001,
797,MLP Regressor,9059.3609033062,210.0,64.0,0.003,
798,LightGBM Regressor,1710.379830593953,,,,259.0
799,LightGBM Regressor,1680.1918515884495,,,,279.0
800,LightGBM Regressor,1551.2296069673112,,,,523.0
801,LightGBM Regressor,1540.1382336416993,,,,1449.0
802,LightGBM Regressor,1535.3196830639222,,,,952.0
803,LightGBM Regressor,1539.3786550202565,,,,1227.0
804,LightGBM Regressor,1540.948645616056,,,,1473.0
805,LightGBM Regressor,1531.9975582924242,,,,799.0
806,LightGBM Regressor,1535.153231042005,,,,745.0
807,LightGBM Regressor,1680.1918515884495,,,,279.0
808,LightGBM Regressor,1598.600789093039,,,,380.0
809,LightGBM Regressor,1682.7040156893918,,,,276.0
810,LightGBM Regressor,1574.2868267443741,,,,423.0
811,LightGBM Regressor,1535.3538097981348,,,,947.0
812,LightGBM Regressor,1532.6251254229237,,,,905.0
813,LightGBM Regressor,1545.3025332692969,,,,1735.0
814,LightGBM Regressor,1547.909525287019,,,,1979.0
815,LightGBM Regressor,1547.746702293439,,,,1976.0
816,LightGBM Regressor,1539.1664747106195,,,,1312.0
817,LightGBM Regressor,1540.0372697686107,,,,1402.0
818,LightGBM Regressor,1551.9947610390138,,,,515.0
819,LightGBM Regressor,1544.4212784928839,,,,584.0
820,XGBoost Regressor,1603.31369765878,,,,1559.0
821,MLP Regressor,6948.268964768332,230.0,64.0,0.003,
822,MLP Regressor,3886.9749908269605,360.0,64.0,0.003,
823,MLP Regressor,3678.3545674573274,360.0,256.0,0.003,
824,MLP Regressor,6882.012895977523,230.0,256.0,0.003,
825,MLP Regressor,6930.865177339545,230.0,256.0,0.003,
826,MLP Regressor,6322.649660868103,230.0,256.0,0.003,
827,MLP Regressor,7369.624939143925,230.0,256.0,0.003,
828,MLP Regressor,7296.348291274562,230.0,256.0,0.003,
829,MLP Regressor,6793.201301406042,230.0,128.0,0.003,
830,MLP Regressor,6429.1099639542745,230.0,128.0,0.003,
831,FNN Regressor,23426.637337236705,420.0,256.0,0.0003,
832,FNN Regressor,23430.7803748417,200.0,256.0,0.0003,
833,Logistic Regressor,23430.598563107407,350.0,32.0,0.003,
834,Logistic Regressor,23430.62507711648,350.0,128.0,0.003,
835,FNN Regressor,23430.141618441703,200.0,128.0,0.0003,
836,FNN Regressor,23346.66431812337,200.0,128.0,0.003,
837,FNN Regressor,23421.51487980719,200.0,128.0,0.001,
838,FNN Regressor,23422.34777111537,200.0,256.0,0.001,
839,LightGBM Regressor,1539.8098768492096,,,,1286.0
840,LightGBM Regressor,1641.2491300890058,,,,329.0
841,LightGBM Regressor,1535.8048561281562,,,,937.0
842,LightGBM Regressor,1536.1777240865458,,,,1144.0
843,LightGBM Regressor,1535.376638415618,,,,945.0
844,LightGBM Regressor,1532.627104368304,,,,904.0
845,LightGBM Regressor,1571.4591014264224,,,,449.0
846,LightGBM Regressor,2163.6119702670094,,,,95.0
847,LightGBM Regressor,1975.0465650429333,,,,132.0
848,LightGBM Regressor,1752.8943199820048,,,,233.0
849,LightGBM Regressor,1895.3612747239742,,,,154.0
850,LightGBM Regressor,1533.9853932282642,,,,858.0
851,LightGBM Regressor,1539.947665136694,,,,1439.0
852,LightGBM Regressor,1540.9876749242412,,,,1475.0
853,LightGBM Regressor,1534.0858378209207,,,,866.0
854,LightGBM Regressor,1534.8318660328207,,,,761.0
855,LightGBM Regressor,1570.8702814823105,,,,428.0
856,LightGBM Regressor,1533.409413238135,,,,870.0
857,LightGBM Regressor,1538.1886878048888,,,,1205.0
858,LightGBM Regressor,1533.7401161975222,,,,765.0
859,LightGBM Regressor,1543.9370908759863,,,,617.0
860,MLP Regressor,6821.170709551534,230.0,256.0,0.003,
861,MLP Regressor,8569.062968738093,230.0,256.0,0.003,
862,MLP Regressor,6976.72911990541,230.0,256.0,0.003,
863,MLP Regressor,6741.154256001933,230.0,128.0,0.003,
864,LightGBM Regressor,1589.2301309336772,,,,392.0
865,LightGBM Regressor,1533.3450490216565,,,,1018.0
866,LightGBM Regressor,1547.9264491421316,,,,1980.0
867,LightGBM Regressor,1535.7712906160293,,,,1087.0
868,LightGBM Regressor,1639.373181281945,,,,334.0
869,LightGBM Regressor,1546.034999077815,,,,574.0
870,LightGBM Regressor,1539.4689176125457,,,,1294.0
871,LightGBM Regressor,1541.4990350645953,,,,647.0
872,LightGBM Regressor,1833.2475441832178,,,,184.0
873,LightGBM Regressor,1535.4647986797852,,,,958.0
874,LightGBM Regressor,1544.3023090351194,,,,1582.0
875,LightGBM Regressor,1537.9954302410654,,,,1203.0
876,LightGBM Regressor,1536.4857987148964,,,,1116.0
877,LightGBM Regressor,1539.9553462340414,,,,1412.0
878,LightGBM Regressor,1544.223804496588,,,,628.0
879,LightGBM Regressor,1543.452255954142,,,,1540.0
880,LightGBM Regressor,1539.9768733437686,,,,1277.0
881,LightGBM Regressor,1545.9804543801497,,,,1813.0
882,LightGBM Regressor,1537.437423415555,,,,1168.0
883,LightGBM Regressor,1536.327815726559,,,,1153.0
884,LightGBM Regressor,1544.9840083428044,,,,1689.0
885,LightGBM Regressor,1545.226021019607,,,,1744.0
886,MLP Regressor,4173.282470823486,300.0,128.0,0.003,
887,MLP Regressor,4390.143724793703,300.0,32.0,0.003,
888,MLP Regressor,4622.142527741293,300.0,32.0,0.003,
889,LightGBM Regressor,1538.1886878048888,,,,1205.0
890,LightGBM Regressor,1544.418833952289,,,,1704.0
891,LightGBM Regressor,1547.4659803443124,,,,1967.0
892,LightGBM Regressor,1539.8128873991357,,,,1403.0
893,MLP Regressor,4176.891288207711,300.0,32.0,0.003,
894,MLP Regressor,4076.8394684103414,300.0,128.0,0.003,
895,LightGBM Regressor,1547.8369137992618,,,,1943.0
896,LightGBM Regressor,1539.6287209119519,,,,1334.0
897,LightGBM Regressor,1546.0288495712623,,,,1839.0
898,LightGBM Regressor,1545.8010910226167,,,,1786.0
899,LightGBM Regressor,1538.4404046222232,,,,1252.0
900,LightGBM Regressor,1538.904793754123,,,,1366.0
901,LightGBM Regressor,1574.7313467915571,,,,437.0
902,LightGBM Regressor,1539.6287209119519,,,,1334.0
903,LightGBM Regressor,1544.8857317418483,,,,1697.0
904,LightGBM Regressor,1539.4715046347408,,,,1351.0
905,LightGBM Regressor,1536.1895289180727,,,,736.0
906,LightGBM Regressor,1551.398222767858,,,,521.0
907,LightGBM Regressor,1540.2523733135283,,,,1414.0
908,LightGBM Regressor,1541.7879160910372,,,,640.0
909,LightGBM Regressor,1760.2605983528192,,,,229.0
910,LightGBM Regressor,1583.797860220681,,,,396.0
911,LightGBM Regressor,1535.4647986797852,,,,958.0
912,LightGBM Regressor,1845.8742031145405,,,,179.0
913,LightGBM Regressor,1534.389656607906,,,,763.0
914,LightGBM Regressor,1533.6935754145165,,,,830.0
915,LightGBM Regressor,1534.1030212584096,,,,1041.0
916,LightGBM Regressor,1570.4593802541892,,,,432.0
917,LightGBM Regressor,1535.5536394886024,,,,955.0
918,LightGBM Regressor,1922.370108175912,,,,146.0
919,XGBoost Regressor,1603.3133453384537,,,,1433.0
920,XGBoost Regressor,1603.3130380448808,,,,1323.0
921,XGBoost Regressor,1603.3138123785677,,,,1600.0
922,XGBoost Regressor,1603.3138123785677,,,,1600.0
923,MLP Regressor,4337.985807698957,300.0,256.0,0.003,
924,MLP Regressor,4591.466636403768,300.0,256.0,0.003,
925,MLP Regressor,4449.653143861432,300.0,128.0,0.003,
926,MLP Regressor,4152.158450510648,300.0,256.0,0.003,
927,MLP Regressor,2991.9374797370333,470.0,256.0,0.003,
928,MLP Regressor,3402.4687313041804,390.0,256.0,0.003,
929,MLP Regressor,3332.0074070769856,390.0,64.0,0.003,
930,MLP Regressor,3344.834335506293,390.0,128.0,0.003,
931,MLP Regressor,3423.0236072613047,390.0,128.0,0.003,
932,MLP Regressor,3025.1069940943407,470.0,128.0,0.003,
933,MLP Regressor,2995.911508410526,470.0,64.0,0.003,
934,MLP Regressor,3275.001935648699,400.0,64.0,0.003,
935,MLP Regressor,3336.4388960069864,400.0,128.0,0.003,
936,MLP Regressor,4162.671266196649,320.0,128.0,0.003,
937,XGBoost Regressor,1603.3110896659753,,,,690.0
938,XGBoost Regressor,1603.312404750381,,,,1096.0
939,XGBoost Regressor,1603.313322980788,,,,1425.0
940,XGBoost Regressor,1603.3133090079673,,,,1420.0
941,XGBoost Regressor,1603.3108643119613,,,,669.0
942,XGBoost Regressor,1603.3091519231534,,,,622.0
943,XGBoost Regressor,1603.3133704925228,,,,1442.0
944,XGBoost Regressor,1603.3141987823094,,,,1738.0
945,XGBoost Regressor,1603.3130799327594,,,,1338.0
946,XGBoost Regressor,1603.3122737704334,,,,1049.0
947,XGBoost Regressor,1603.3124688647915,,,,1119.0
948,LightGBM Regressor,1543.6528532570833,,,,608.0
949,LightGBM Regressor,1563.604178594212,,,,467.0
950,LightGBM Regressor,1535.3768857152897,,,,1077.0
951,LightGBM Regressor,1532.6251254229237,,,,905.0
952,LightGBM Regressor,1613.7330217588708,,,,365.0
953,LightGBM Regressor,1550.7756966282723,,,,532.0
954,LightGBM Regressor,1534.3111216216528,,,,773.0
955,LightGBM Regressor,1943.2971775018586,,,,139.0
956,LightGBM Regressor,1797.7595833011915,,,,200.0
957,LightGBM Regressor,1536.6873919821203,,,,1111.0
958,LightGBM Regressor,1570.4593802541892,,,,432.0
959,LightGBM Regressor,1833.4724511476895,,,,185.0
960,LightGBM Regressor,1533.7966409613657,,,,1038.0
961,LightGBM Regressor,1563.5958270575247,,,,475.0
962,LightGBM Regressor,1534.09476156121,,,,848.0
963,LightGBM Regressor,1539.4424133918399,,,,1230.0
964,LightGBM Regressor,1533.3101795047203,,,,791.0
965,LightGBM Regressor,1539.2318989324592,,,,1298.0
966,LightGBM Regressor,1591.5671697568011,,,,389.0
967,LightGBM Regressor,1533.4588310766537,,,,849.0
968,XGBoost Regressor,1603.3125692413182,,,,1155.0
969,XGBoost Regressor,1603.3132223888451,,,,1389.0
970,XGBoost Regressor,1603.3130883109334,,,,1341.0
971,XGBoost Regressor,1603.3129933699734,,,,1307.0
972,XGBoost Regressor,1603.3126027065432,,,,1167.0
973,XGBoost Regressor,1603.2928605573,,,,398.0
974,LightGBM Regressor,1839.3079099485828,,,,181.0
975,LightGBM Regressor,1548.1268614682667,,,,554.0
976,LightGBM Regressor,1564.6953211741666,,,,469.0
977,LightGBM Regressor,1544.0463372231693,,,,611.0
978,LightGBM Regressor,1734.725197915894,,,,243.0
979,LightGBM Regressor,1547.5482096231892,,,,546.0
980,LightGBM Regressor,1537.3754099247137,,,,1174.0
981,LightGBM Regressor,1536.9513240957783,,,,1165.0
982,LightGBM Regressor,1540.0372697686107,,,,1402.0
983,LightGBM Regressor,1542.7426876243792,,,,1550.0
984,XGBoost Regressor,1603.3105505843928,,,,655.0
985,XGBoost Regressor,1603.311556095968,,,,807.0
986,XGBoost Regressor,1603.3117698155895,,,,868.0
987,XGBoost Regressor,1603.3137843946965,,,,1590.0
988,XGBoost Regressor,1603.3125999176525,,,,1166.0
989,XGBoost Regressor,1603.3126400477427,,,,584.0
990,XGBoost Regressor,1604.611269365802,,,,101.0
991,XGBoost Regressor,1602.0159992272288,,,,61.0
992,XGBoost Regressor,1603.3117865096397,,,,874.0
993,XGBoost Regressor,1603.3134459655014,,,,1469.0
994,XGBoost Regressor,1603.3142744324075,,,,1765.0
995,XGBoost Regressor,1603.3139803283352,,,,1660.0
996,XGBoost Regressor,1603.3135466212711,,,,1505.0
997,XGBoost Regressor,1603.3118783411778,,,,907.0
998,XGBoost Regressor,1603.3115391982249,,,,805.0
999,XGBoost Regressor,1603.311036525894,,,,672.0
1000,XGBoost Regressor,1603.0163563828542,,,,323.0
1001,XGBoost Regressor,1603.312276556731,,,,1050.0
1002,XGBoost Regressor,1603.312982202133,,,,1303.0
1003,XGBoost Regressor,1603.3145126956153,,,,1850.0
1004,XGBoost Regressor,1603.3126361749596,,,,1179.0
1005,XGBoost Regressor,1603.3138067816162,,,,1598.0
1006,XGBoost Regressor,1603.3130045381683,,,,1311.0
1007,XGBoost Regressor,1603.2992310955485,,,,471.0
1008,XGBoost Regressor,1603.3129794102283,,,,1302.0
1009,XGBoost Regressor,1603.3131134466523,,,,1350.0
1010,XGBoost Regressor,1603.3100582633397,,,,642.0
1011,XGBoost Regressor,1603.3228166708136,,,,345.0
1012,XGBoost Regressor,1601.0374473474683,,,,149.0
1013,MLP Regressor,3861.3907254764754,320.0,256.0,0.003,
1014,MLP Regressor,4543.608228934368,320.0,256.0,0.003,
1015,MLP Regressor,4039.1147338456135,320.0,64.0,0.003,
1016,MLP Regressor,23349.265524926966,320.0,64.0,0.0003,
1017,MLP Regressor,20657.61729081203,320.0,64.0,0.001,
1018,MLP Regressor,20635.64810798168,320.0,64.0,0.001,
1019,FNN Regressor,17130.369412676613,200.0,256.0,0.03,
1020,FNN Regressor,17066.938048010514,200.0,256.0,0.03,
1021,FNN Regressor,17125.36654337847,200.0,64.0,0.03,
1022,FNN Regressor,17548.830407888305,200.0,64.0,0.03,
1023,LightGBM Regressor,1536.7402765247045,,,,1162.0
1024,LightGBM Regressor,1536.7402765247045,,,,1162.0
1025,LightGBM Regressor,1535.8293833898679,,,,938.0
1026,LightGBM Regressor,1533.7003964792334,,,,876.0
1027,LightGBM Regressor,1544.5583969317563,,,,1596.0
1028,LightGBM Regressor,1544.6778296959944,,,,1608.0
1029,LightGBM Regressor,1546.1172340270493,,,,1818.0
1030,LightGBM Regressor,1546.11101494841,,,,1854.0
1031,LightGBM Regressor,1547.5118536372272,,,,1929.0
1032,XGBoost Regressor,1600.2827815834903,,,,170.0
1033,XGBoost Regressor,1603.3118672087967,,,,903.0
1034,XGBoost Regressor,1603.313518658454,,,,1495.0
1035,LightGBM Regressor,1546.1761380145801,,,,1859.0
1036,LightGBM Regressor,1533.3000741898807,,,,1003.0
1037,LightGBM Regressor,1539.3358491472704,,,,1314.0
1038,LightGBM Regressor,1534.0319147961388,,,,824.0
1039,LightGBM Regressor,1533.2787280224225,,,,912.0
1040,LightGBM Regressor,2009.3987723147973,,,,123.0
1041,LightGBM Regressor,1539.2853362634748,,,,691.0
1042,LightGBM Regressor,1538.2245382868718,,,,1204.0
1043,LightGBM Regressor,1533.9853932282642,,,,858.0
1044,LightGBM Regressor,1892.0994396639824,,,,155.0
1045,LightGBM Regressor,1533.5831057790992,,,,845.0
1046,LightGBM Regressor,1915.3700721238317,,,,148.0
1047,LightGBM Regressor,1562.1058119873403,,,,476.0
1048,LightGBM Regressor,1537.8813545617552,,,,1243.0
1049,LightGBM Regressor,1546.8500904920095,,,,1905.0
1050,LightGBM Regressor,1540.021460300114,,,,1279.0
1051,LightGBM Regressor,1547.225309982376,,,,549.0
1052,LightGBM Regressor,1557.8242498836034,,,,483.0
1053,LightGBM Regressor,1540.4931213223188,,,,704.0
1054,LightGBM Regressor,1534.6366900895548,,,,760.0
1055,LightGBM Regressor,1544.7526738287722,,,,1674.0
1056,LightGBM Regressor,1540.7017236776994,,,,1431.0
1057,LightGBM Regressor,1537.917955780599,,,,1189.0
1058,LightGBM Regressor,1568.0151100570454,,,,458.0
1059,LightGBM Regressor,1545.9724362703616,,,,570.0
1060,XGBoost Regressor,1603.3147006159345,,,,1917.0
1061,XGBoost Regressor,1603.31388794609,,,,1627.0
1062,XGBoost Regressor,1603.3138515597107,,,,1614.0
1063,XGBoost Regressor,1603.3118616427394,,,,901.0
1064,XGBoost Regressor,1603.3128175176755,,,,1244.0
1065,XGBoost Regressor,1603.3122626254644,,,,1045.0
1066,XGBoost Regressor,1603.31363052302,,,,1535.0
1067,XGBoost Regressor,1603.3124409875204,,,,1109.0
1068,XGBoost Regressor,1603.3146781724572,,,,1909.0
1069,XGBoost Regressor,1603.312276556731,,,,1050.0
1070,XGBoost Regressor,1603.3138151770768,,,,1601.0
1071,XGBoost Regressor,1603.3126110733483,,,,1170.0
1072,XGBoost Regressor,1603.3104695185214,,,,614.0
1073,XGBoost Regressor,1603.313448761107,,,,1470.0
1074,XGBoost Regressor,1603.313840364655,,,,1610.0
1075,XGBoost Regressor,1603.312206905938,,,,1025.0
1076,XGBoost Regressor,1603.3143220722395,,,,1782.0
1077,XGBoost Regressor,1603.3134739225563,,,,1479.0
1078,XGBoost Regressor,1603.3117447760098,,,,859.0
1079,XGBoost Regressor,1603.3128733342721,,,,1264.0
1080,XGBoost Regressor,1603.310970235563,,,,773.0
1081,XGBoost Regressor,1603.2321234418648,,,,368.0
1082,XGBoost Regressor,1603.3111608472022,,,,420.0
1083,XGBoost Regressor,1603.3117559044904,,,,863.0
1084,XGBoost Regressor,1603.3137424230451,,,,1575.0
1085,XGBoost Regressor,1603.3138851470046,,,,1626.0
1086,XGBoost Regressor,1603.314221195469,,,,1746.0
1087,XGBoost Regressor,1603.3139187374902,,,,1638.0
1088,XGBoost Regressor,1603.3113008417251,,,,776.0
1089,XGBoost Regressor,1603.3118811243282,,,,908.0
1090,XGBoost Regressor,1603.3141147455935,,,,1708.0
1091,XGBoost Regressor,1603.3117113926962,,,,847.0
1092,XGBoost Regressor,1603.3135074739478,,,,1491.0
1093,XGBoost Regressor,1603.3128705432318,,,,1263.0
1094,XGBoost Regressor,1603.3147819854296,,,,1946.0
1095,XGBoost Regressor,1603.3140055276815,,,,1669.0
1096,XGBoost Regressor,1603.3149138997103,,,,1993.0
1097,XGBoost Regressor,1603.312756129658,,,,1222.0
1098,XGBoost Regressor,1603.2458133584653,,,,364.0
1099,XGBoost Regressor,1603.3123406476939,,,,1073.0
1100,XGBoost Regressor,1603.312742179332,,,,1217.0
1101,XGBoost Regressor,1603.311224474234,,,,678.0
1102,XGBoost Regressor,1603.3129766183458,,,,1301.0
1103,XGBoost Regressor,1603.3119674129905,,,,939.0
1104,XGBoost Regressor,1601.8817243283852,,,,154.0
1105,XGBoost Regressor,1603.296112790302,,,,494.0
1106,XGBoost Regressor,1603.310984200501,,,,710.0
1107,XGBoost Regressor,1603.312837052476,,,,1251.0
1108,XGBoost Regressor,1603.2945482642517,,,,484.0
1109,LightGBM Regressor,1534.0996886603675,,,,1042.0
1110,LightGBM Regressor,1815.8751732591493,,,,191.0
1111,LightGBM Regressor,1757.2158147439916,,,,231.0
1112,LightGBM Regressor,1548.3745981118798,,,,556.0
1113,LightGBM Regressor,1534.4326722281019,,,,1044.0
1114,LightGBM Regressor,1582.8329502727809,,,,399.0
1115,LightGBM Regressor,1538.2191781859801,,,,730.0
1116,LightGBM Regressor,1536.2584761903818,,,,1145.0
1117,LightGBM Regressor,1535.065931535334,,,,747.0
1118,LightGBM Regressor,1616.6247402440356,,,,364.0
1119,LightGBM Regressor,1544.6395718584215,,,,592.0
1120,LightGBM Regressor,1536.0893713759347,,,,1109.0
1121,LightGBM Regressor,1539.5157097528881,,,,1216.0
1122,XGBoost Regressor,1603.3126389641384,,,,1180.0
1123,XGBoost Regressor,1603.314756730833,,,,1937.0
1124,XGBoost Regressor,1603.312477228405,,,,1122.0
1125,XGBoost Regressor,1603.313264298664,,,,1404.0
1126,XGBoost Regressor,1603.3115522413111,,,,812.0
1127,XGBoost Regressor,1603.3116613237098,,,,829.0
1128,XGBoost Regressor,1603.3120982783594,,,,986.0
1129,XGBoost Regressor,1603.3106197936188,,,,744.0
1130,XGBoost Regressor,1603.2863514661065,,,,393.0
1131,XGBoost Regressor,1605.7263004976458,,,,104.0
1132,XGBoost Regressor,1603.3107309669838,,,,762.0
1133,XGBoost Regressor,1603.3141399545138,,,,1717.0
1134,XGBoost Regressor,1603.3124019630638,,,,1095.0
1135,XGBoost Regressor,1603.3116164484366,,,,802.0
1136,XGBoost Regressor,1603.3125302025894,,,,1141.0
1137,XGBoost Regressor,1603.312368516987,,,,1083.0
1138,LightGBM Regressor,1539.8068929589333,,,,1327.0
1139,LightGBM Regressor,1535.072948256715,,,,746.0
1140,LightGBM Regressor,1535.7180669701904,,,,985.0
1141,LightGBM Regressor,1533.6654005406579,,,,883.0
1142,LightGBM Regressor,1535.3196830639222,,,,952.0
1143,LightGBM Regressor,1544.82063297429,,,,1616.0
1144,LightGBM Regressor,1532.954183691472,,,,1006.0
1145,XGBoost Regressor,1603.3126780149678,,,,1194.0
1146,XGBoost Regressor,1603.3138515597107,,,,1614.0
1147,XGBoost Regressor,1603.3128705432318,,,,1263.0
1148,XGBoost Regressor,1603.3118338137815,,,,891.0
1149,XGBoost Regressor,1603.3117586866658,,,,864.0
1150,XGBoost Regressor,1603.3138907451973,,,,1628.0
1151,XGBoost Regressor,1603.314086737787,,,,1698.0
1152,XGBoost Regressor,1603.314885828742,,,,1983.0
1153,XGBoost Regressor,1603.3132195950345,,,,1388.0
1154,XGBoost Regressor,1603.311934008401,,,,927.0
1155,XGBoost Regressor,1603.2583460352705,,,,359.0
1156,XGBoost Regressor,1603.3115060139141,,,,797.0
1157,XGBoost Regressor,1603.310651631896,,,,595.0
1158,XGBoost Regressor,1603.3127924030991,,,,1235.0
1159,LightGBM Regressor,1545.1541315837123,,,,1621.0
1160,LightGBM Regressor,1544.702065749138,,,,1683.0
1161,LightGBM Regressor,1544.1250869925436,,,,1571.0
1162,LightGBM Regressor,1539.2282953177364,,,,1318.0
1163,LightGBM Regressor,1547.7612764164833,,,,1935.0
1164,LightGBM Regressor,1546.2827307434648,,,,1865.0
1165,LightGBM Regressor,1546.227598163565,,,,1870.0
1166,LightGBM Regressor,1535.465961117275,,,,953.0
1167,LightGBM Regressor,1532.585880475005,,,,794.0
1168,LightGBM Regressor,1544.6395718584215,,,,592.0
1169,LightGBM Regressor,1541.2856571890795,,,,1500.0
1170,XGBoost Regressor,1603.3137368272019,,,,1573.0
1171,XGBoost Regressor,1603.3123044209265,,,,1060.0
1172,XGBoost Regressor,1603.311889473913,,,,911.0
1173,XGBoost Regressor,1603.3135242508401,,,,1497.0
1174,XGBoost Regressor,1603.3025630126401,,,,539.0
1175,XGBoost Regressor,1603.3126752254789,,,,1193.0
1176,XGBoost Regressor,1603.2992272045385,,,,428.0
1177,XGBoost Regressor,1603.3124688647915,,,,1119.0
1178,MLP Regressor,4085.6824370854233,320.0,64.0,0.003,
1179,XGBoost Regressor,1603.2359128377643,,,,385.0
1180,XGBoost Regressor,1603.3102345653324,,,,644.0
1181,XGBoost Regressor,1601.13946755825,,,,130.0
1182,XGBoost Regressor,1603.3113065401367,,,,777.0
1183,LightGBM Regressor,1539.2911707121684,,,,1309.0
1184,LightGBM Regressor,1547.3032470350408,,,,1970.0
1185,LightGBM Regressor,1540.8616170708933,,,,1468.0
1186,LightGBM Regressor,1533.7287395927913,,,,822.0
1187,LightGBM Regressor,1535.7712906160293,,,,1087.0
1188,LightGBM Regressor,1536.368916041684,,,,934.0
1189,LightGBM Regressor,1539.096808050172,,,,1268.0
1190,LightGBM Regressor,1534.0996886603675,,,,1042.0
1191,LightGBM Regressor,1540.4206645998859,,,,1480.0
1192,LightGBM Regressor,1540.0368177585678,,,,1273.0
1193,LightGBM Regressor,1544.8553382806135,,,,1602.0
1194,LightGBM Regressor,1544.8177759839034,,,,1611.0
1195,LightGBM Regressor,1535.1707022753546,,,,946.0
1196,LightGBM Regressor,1542.9469833935239,,,,1532.0
1197,LightGBM Regressor,1544.540445826878,,,,1682.0
1198,LightGBM Regressor,1540.948645616056,,,,1473.0
1199,LightGBM Regressor,1535.9595936794362,,,,1122.0
1200,LightGBM Regressor,1540.247393533639,,,,1454.0
1201,LightGBM Regressor,1536.9751436057084,,,,1160.0
1202,LightGBM Regressor,1548.1268614682667,,,,554.0
1203,LightGBM Regressor,1536.2584761903818,,,,1145.0
1204,LightGBM Regressor,1558.3322359335878,,,,482.0
1205,LightGBM Regressor,1653.0294971481783,,,,310.0
1206,LightGBM Regressor,1539.4460580300715,,,,1263.0
1207,LightGBM Regressor,1545.2412707345793,,,,1743.0
1208,LightGBM Regressor,1546.8500904920095,,,,1905.0
1209,LightGBM Regressor,1545.9804543801497,,,,1813.0
1210,LightGBM Regressor,1540.5821178478461,,,,1432.0
1211,XGBoost Regressor,1603.3135913663884,,,,1521.0
1212,XGBoost Regressor,1603.3146669512505,,,,1905.0
1213,XGBoost Regressor,1603.3121734784775,,,,1013.0
1214,XGBoost Regressor,1603.3118365965775,,,,892.0
1215,XGBoost Regressor,1603.3138907451973,,,,1628.0
1216,XGBoost Regressor,1603.3110791931306,,,,663.0
1217,XGBoost Regressor,1603.3126891731454,,,,1198.0
1218,XGBoost Regressor,1603.3127505494613,,,,1220.0
1219,XGBoost Regressor,1603.3110532005346,,,,688.0
1220,XGBoost Regressor,1603.3117503402057,,,,861.0
1221,XGBoost Regressor,1603.3118365965775,,,,892.0
1222,XGBoost Regressor,1602.9722442557343,,,,307.0
1223,XGBoost Regressor,1603.3114971443038,,,,795.0
1224,XGBoost Regressor,1603.312117773135,,,,993.0
1225,XGBoost Regressor,1602.5814961990905,,,,187.0
1226,XGBoost Regressor,1602.3831696919574,,,,231.0
1227,XGBoost Regressor,1603.3120453694426,,,,967.0
1228,XGBoost Regressor,1603.3136333200885,,,,1536.0
1229,XGBoost Regressor,1603.3122737704334,,,,1049.0
1230,XGBoost Regressor,1603.313166516843,,,,1369.0
1231,XGBoost Regressor,1603.3121233432703,,,,995.0
1232,MLP Regressor,3417.5504078764843,380.0,64.0,0.003,
1233,MLP Regressor,3608.0642894753664,380.0,256.0,0.003,
1234,LightGBM Regressor,1544.5548155488032,,,,1709.0
1235,LightGBM Regressor,1534.0928033788764,,,,1029.0
1236,LightGBM Regressor,1533.590708595167,,,,767.0
1237,LightGBM Regressor,1597.4038954964874,,,,377.0
1238,LightGBM Regressor,1531.829204311527,,,,815.0
1239,LightGBM Regressor,1535.2250392525225,,,,1083.0
1240,LightGBM Regressor,1545.6844516552194,,,,1798.0
1241,LightGBM Regressor,1544.5438991281446,,,,1585.0
1242,LightGBM Regressor,1541.1329422541874,,,,1502.0
1243,LightGBM Regressor,1539.3358491472704,,,,1314.0
1244,LightGBM Regressor,1536.2787969110157,,,,1152.0
1245,LightGBM Regressor,1540.138229528425,,,,1329.0
1246,XGBoost Regressor,1603.3137172424479,,,,1566.0
1247,XGBoost Regressor,1603.312452138163,,,,1113.0
1248,XGBoost Regressor,1603.310566965601,,,,653.0
1249,XGBoost Regressor,1603.289983583364,,,,391.0
1250,XGBoost Regressor,1603.1987947762314,,,,338.0
1251,XGBoost Regressor,1603.3125915511137,,,,1163.0
1252,XGBoost Regressor,1603.3114270903657,,,,603.0
1253,LightGBM Regressor,1535.3196830639222,,,,952.0
1254,LightGBM Regressor,1544.346413522014,,,,1578.0
1255,XGBoost Regressor,1601.0378545101362,,,,65.0
1256,XGBoost Regressor,1601.0378545101362,,,,65.0
1257,XGBoost Regressor,1603.3008983621273,,,,549.0
1258,XGBoost Regressor,1603.2402843141128,,,,369.0
1259,XGBoost Regressor,1602.223747936058,,,,176.0
1260,XGBoost Regressor,1603.3030275982694,,,,528.0
1261,XGBoost Regressor,1603.3109057502288,,,,607.0
1262,XGBoost Regressor,1598.388794090068,,,,122.0
1263,XGBoost Regressor,1603.3122291926848,,,,1033.0
1264,XGBoost Regressor,1603.3098351413075,,,,648.0
