,model,score,num_boost_round,epochs,batch_size,lr
0,LightGBM Regressor,0.7477138994750562,58.0,,,
1,LightGBM Regressor,0.5330847899027544,343.0,,,
2,LightGBM Regressor,0.5717487301483751,251.0,,,
3,LightGBM Regressor,0.5459010202136524,304.0,,,
4,LightGBM Regressor,0.48090562414741106,631.0,,,
5,LightGBM Regressor,0.48743433099341404,584.0,,,
6,LightGBM Regressor,0.5663062168052962,269.0,,,
7,LightGBM Regressor,0.4811456138142168,638.0,,,
8,LightGBM Regressor,0.4656089748668036,820.0,,,
9,LightGBM Regressor,0.4823454339219811,617.0,,,
10,LightGBM Regressor,0.4917526136828726,558.0,,,
11,LightGBM Regressor,0.4676443049750963,793.0,,,
12,LightGBM Regressor,0.46016828770480206,1090.0,,,
13,LightGBM Regressor,0.4589327353371172,1444.0,,,
14,LightGBM Regressor,0.4591662045848349,1532.0,,,
15,LightGBM Regressor,0.45899754334932524,1188.0,,,
16,LightGBM Regressor,0.4595151256693606,1559.0,,,
17,MLP Regressor,3.431962580109838,,320.0,32.0,0.003
18,MLP Regressor,3.0957617356931206,,320.0,32.0,0.003
19,MLP Regressor,3.0318378727193442,,320.0,32.0,0.003
20,MLP Regressor,3.884009291526199,,320.0,32.0,0.003
21,MLP Regressor,4.290207656674239,,290.0,32.0,0.003
22,MLP Regressor,4.478489043981102,,290.0,32.0,0.003
23,MLP Regressor,4.057233618949093,,350.0,32.0,0.003
24,MLP Regressor,3.231656497994439,,350.0,32.0,0.003
25,MLP Regressor,3.257219357994103,,350.0,32.0,0.003
26,MLP Regressor,2.7412859211472216,,340.0,32.0,0.003
27,MLP Regressor,3.5255832934631286,,400.0,32.0,0.003
28,MLP Regressor,3.888104643570223,,400.0,32.0,0.003
29,FNN Regressor,21.67962239914931,,490.0,64.0,0.0001
30,MLP Regressor,3.1315772228668166,,400.0,32.0,0.003
31,MLP Regressor,2.5618936511185013,,480.0,32.0,0.003
32,MLP Regressor,3.8101696387111628,,470.0,32.0,0.003
33,MLP Regressor,2.558875551139225,,400.0,32.0,0.003
34,MLP Regressor,3.854710114775434,,400.0,32.0,0.003
35,MLP Regressor,3.8299368355267824,,400.0,32.0,0.003
36,MLP Regressor,3.5449996723071813,,400.0,32.0,0.003
37,MLP Regressor,3.1818629914449765,,390.0,32.0,0.003
38,MLP Regressor,3.1818554354847444,,390.0,32.0,0.003
39,MLP Regressor,4.433775757340229,,390.0,32.0,0.003
40,MLP Regressor,2.8730124705290216,,390.0,32.0,0.003
41,MLP Regressor,3.497500885143647,,440.0,32.0,0.003
42,MLP Regressor,2.4797301643650353,,490.0,32.0,0.003
43,MLP Regressor,2.4583145211484316,,490.0,32.0,0.003
44,MLP Regressor,2.564533040273609,,480.0,32.0,0.003
45,MLP Regressor,3.2735947235652954,,490.0,32.0,0.003
46,MLP Regressor,3.339984688191932,,460.0,32.0,0.003
47,Logistic Regressor,30.607187871537043,,90.0,128.0,0.001
48,Logistic Regressor,114.01302769285736,,90.0,256.0,0.001
49,Logistic Regressor,38.783943554806875,,90.0,256.0,0.001
50,FNN Regressor,21.966416732808373,,490.0,64.0,0.0001
51,FNN Regressor,22.372572344826672,,400.0,64.0,0.0001
52,FNN Regressor,22.34969573018715,,360.0,64.0,0.0001
53,FNN Regressor,22.801815563100515,,360.0,64.0,0.0001
54,FNN Regressor,22.709605542147987,,360.0,64.0,0.0001
55,Logistic Regressor,57.29742559208779,,90.0,256.0,0.001
56,Logistic Regressor,20.086355122379516,,140.0,256.0,0.001
57,Logistic Regressor,50.43705732727605,,140.0,256.0,0.001
58,Logistic Regressor,12.646897702517176,,140.0,256.0,0.0003
59,Logistic Regressor,58.93190574263463,,140.0,256.0,0.0001
60,Logistic Regressor,47.34243941985487,,140.0,256.0,0.0001
61,Logistic Regressor,48.100383017094444,,140.0,256.0,0.0001
62,Logistic Regressor,59.43852109110238,,140.0,256.0,0.0003
63,Logistic Regressor,103.24160214545317,,170.0,256.0,0.0003
64,Logistic Regressor,93.22736213911904,,170.0,128.0,0.0003
65,Logistic Regressor,80.89113065817149,,170.0,128.0,0.001
66,Logistic Regressor,26.54371723584448,,170.0,128.0,0.0003
67,Logistic Regressor,37.62350128815104,,220.0,128.0,0.0003
68,Logistic Regressor,70.08135190296586,,220.0,128.0,0.0003
69,Logistic Regressor,22.87777530958183,,220.0,64.0,0.0003
70,Logistic Regressor,48.0689358975832,,220.0,64.0,0.0003
71,Logistic Regressor,85.59393982317704,,220.0,32.0,0.0003
72,Logistic Regressor,21.016406597400156,,220.0,32.0,0.0003
73,Logistic Regressor,45.13005082621833,,220.0,32.0,0.001
74,Logistic Regressor,5.70408391918692,,220.0,64.0,0.001
75,Logistic Regressor,18.89240093790865,,220.0,64.0,0.001
76,FNN Regressor,22.637104789046422,,360.0,128.0,0.0001
77,FNN Regressor,22.904226474940288,,360.0,256.0,0.0001
78,FNN Regressor,22.474866178860083,,440.0,256.0,0.0001
79,LightGBM Regressor,0.46047924632191295,1731.0,,,
80,LightGBM Regressor,0.459268714540435,1364.0,,,
81,LightGBM Regressor,0.4601904698884759,1642.0,,,
82,LightGBM Regressor,0.4587707152670731,1320.0,,,
83,LightGBM Regressor,0.4599594908455542,1081.0,,,
84,LightGBM Regressor,0.4585746809427529,1133.0,,,
85,LightGBM Regressor,0.458849079577011,1222.0,,,
86,LightGBM Regressor,0.4578885025097673,1278.0,,,
87,LightGBM Regressor,0.45926098948671035,1381.0,,,
88,LightGBM Regressor,0.4592698950503608,1544.0,,,
89,LightGBM Regressor,0.46267321539275463,1912.0,,,
90,LightGBM Regressor,0.45965996207549376,1597.0,,,
91,MLP Regressor,3.198623460243145,,460.0,32.0,0.003
92,MLP Regressor,3.5698449939532293,,460.0,32.0,0.003
93,MLP Regressor,2.3565786468819105,,460.0,32.0,0.003
94,MLP Regressor,2.483311533724671,,460.0,32.0,0.003
95,MLP Regressor,2.5698408519238494,,460.0,32.0,0.003
96,FNN Regressor,22.488039440717714,,440.0,256.0,0.0001
97,FNN Regressor,22.732654706017428,,380.0,256.0,0.0001
98,FNN Regressor,22.79667628605833,,380.0,256.0,0.0001
99,FNN Regressor,18.63919095940795,,380.0,256.0,0.0003
100,FNN Regressor,18.279538257729776,,380.0,256.0,0.0003
101,MLP Regressor,3.743523087259907,,440.0,32.0,0.003
102,MLP Regressor,2.3719676481268013,,440.0,32.0,0.003
103,MLP Regressor,3.646571581277144,,440.0,32.0,0.003
104,MLP Regressor,2.4565058165451945,,480.0,32.0,0.003
105,MLP Regressor,2.5402225786796127,,480.0,32.0,0.003
106,MLP Regressor,2.4880681182571016,,410.0,32.0,0.003
107,MLP Regressor,3.3153477803037514,,480.0,32.0,0.003
108,MLP Regressor,2.973409100887174,,480.0,32.0,0.003
109,MLP Regressor,2.4896318236385704,,480.0,32.0,0.003
110,MLP Regressor,2.522340869466388,,480.0,32.0,0.003
111,MLP Regressor,2.513973444669635,,480.0,32.0,0.003
112,MLP Regressor,3.279724725661566,,480.0,32.0,0.003
113,MLP Regressor,2.381012949949648,,420.0,32.0,0.003
114,MLP Regressor,3.587526703579051,,420.0,32.0,0.003
115,MLP Regressor,2.97038218183832,,420.0,32.0,0.003
116,MLP Regressor,3.173875220025825,,420.0,32.0,0.003
117,MLP Regressor,3.7768322702303316,,440.0,32.0,0.003
118,MLP Regressor,2.7043351375909017,,440.0,32.0,0.003
119,FNN Regressor,22.750269308390504,,380.0,256.0,0.0001
120,FNN Regressor,22.07888983857915,,440.0,256.0,0.0001
121,FNN Regressor,21.604956168769718,,440.0,128.0,0.0001
122,FNN Regressor,21.599070825612763,,440.0,128.0,0.0001
123,FNN Regressor,22.09826465041206,,440.0,256.0,0.0001
124,FNN Regressor,22.013575803899656,,480.0,256.0,0.0001
125,FNN Regressor,22.399975740088667,,450.0,256.0,0.0001
126,FNN Regressor,22.41413926307607,,400.0,256.0,0.0001
127,FNN Regressor,17.978676737197222,,400.0,256.0,0.0003
128,FNN Regressor,18.78522216514914,,400.0,256.0,0.0003
129,FNN Regressor,20.006053105532807,,310.0,256.0,0.0003
130,FNN Regressor,7.494570633730938,,310.0,256.0,0.001
131,XGBoost Regressor,0.44332177708495946,1415.0,,,
132,Logistic Regressor,19.025714329067863,,220.0,64.0,0.001
133,Logistic Regressor,47.643318001048115,,220.0,64.0,0.0003
134,Logistic Regressor,32.47918538905384,,220.0,32.0,0.0003
135,FNN Regressor,0.8764782913276437,,310.0,256.0,0.003
136,FNN Regressor,0.5654026622519717,,310.0,256.0,0.01
137,FNN Regressor,0.5937453899426574,,310.0,256.0,0.01
138,LightGBM Regressor,0.4590884423580195,1408.0,,,
139,LightGBM Regressor,0.458854045086529,1122.0,,,
140,LightGBM Regressor,0.45881258963023275,1165.0,,,
141,LightGBM Regressor,0.45892126703368463,1115.0,,,
142,XGBoost Regressor,0.44332177708495946,1588.0,,,
143,XGBoost Regressor,0.44332177708495946,1738.0,,,
144,XGBoost Regressor,0.44332177708495946,1601.0,,,
145,Logistic Regressor,10.504134504647292,,220.0,32.0,0.001
146,Logistic Regressor,92.24823117981778,,150.0,32.0,0.001
147,Logistic Regressor,110.24858054950842,,90.0,32.0,0.001
148,Logistic Regressor,8.095494838723173,,90.0,32.0,0.0003
149,Logistic Regressor,65.71642486543358,,90.0,64.0,0.0003
150,Logistic Regressor,121.1491830803113,,90.0,64.0,0.0003
151,Logistic Regressor,48.96965078870181,,90.0,64.0,0.001
152,Logistic Regressor,123.99649688207774,,90.0,64.0,0.001
153,Logistic Regressor,27.584453386038298,,150.0,64.0,0.001
154,Logistic Regressor,31.786594211685472,,150.0,64.0,0.001
155,Logistic Regressor,29.987945534575015,,150.0,64.0,0.001
156,Logistic Regressor,75.59240466654857,,150.0,128.0,0.001
157,Logistic Regressor,20.521722637034493,,150.0,128.0,0.001
158,FNN Regressor,0.6375112781229836,,330.0,256.0,0.01
159,FNN Regressor,0.538208999153944,,330.0,256.0,0.003
160,LightGBM Regressor,0.45906102484615696,1191.0,,,
161,LightGBM Regressor,0.45917871982297037,1492.0,,,
162,FNN Regressor,6.5736879470297644,,330.0,256.0,0.001
163,FNN Regressor,0.6040827545520572,,330.0,256.0,0.003
164,FNN Regressor,0.5603568381658012,,370.0,256.0,0.003
165,MLP Regressor,3.961267323993202,,440.0,32.0,0.003
166,MLP Regressor,3.928857989348617,,440.0,32.0,0.003
167,MLP Regressor,2.7918747780130126,,440.0,32.0,0.003
168,MLP Regressor,2.697969765864711,,440.0,32.0,0.003
169,MLP Regressor,2.6506477812300457,,490.0,32.0,0.003
170,MLP Regressor,3.3169110543661304,,490.0,32.0,0.003
171,MLP Regressor,2.4320429248469226,,480.0,32.0,0.003
172,MLP Regressor,3.4841785734873723,,480.0,32.0,0.003
173,MLP Regressor,4.237096384913595,,490.0,32.0,0.003
174,MLP Regressor,2.7045526509947537,,490.0,32.0,0.003
175,MLP Regressor,2.4154114184706383,,490.0,32.0,0.003
176,MLP Regressor,3.953530683120782,,410.0,32.0,0.003
177,MLP Regressor,2.610185828039561,,410.0,32.0,0.003
178,MLP Regressor,3.0549648199155413,,410.0,32.0,0.003
179,MLP Regressor,3.5847911434364295,,410.0,32.0,0.003
180,MLP Regressor,2.5176253411955614,,410.0,32.0,0.003
181,MLP Regressor,2.4718144220892233,,410.0,32.0,0.003
182,MLP Regressor,3.02963160103548,,410.0,32.0,0.003
183,MLP Regressor,2.5435356731464287,,490.0,32.0,0.003
184,MLP Regressor,3.4602327304430553,,490.0,32.0,0.003
185,MLP Regressor,2.8566601921051777,,440.0,32.0,0.003
186,MLP Regressor,2.553505688218771,,440.0,32.0,0.003
187,MLP Regressor,2.7614392166826387,,440.0,32.0,0.003
188,MLP Regressor,2.87660129331224,,460.0,32.0,0.003
189,FNN Regressor,0.5603059209108943,,370.0,256.0,0.003
190,FNN Regressor,0.645572167786542,,370.0,256.0,0.01
191,XGBoost Regressor,0.44332177708495946,1940.0,,,
192,XGBoost Regressor,0.44332177708495946,1599.0,,,
193,XGBoost Regressor,0.44332177708495946,1327.0,,,
194,XGBoost Regressor,0.44332177708495946,1086.0,,,
195,XGBoost Regressor,0.44332177708495946,949.0,,,
196,XGBoost Regressor,0.44332177708495946,664.0,,,
197,XGBoost Regressor,0.44332177708495946,672.0,,,
198,XGBoost Regressor,0.44332177708495946,962.0,,,
199,XGBoost Regressor,0.44332177708495946,1231.0,,,
200,XGBoost Regressor,0.44332177708495946,1370.0,,,
201,XGBoost Regressor,0.44332177708495946,1389.0,,,
202,XGBoost Regressor,0.44332177708495946,1609.0,,,
203,MLP Regressor,2.7052916879433058,,460.0,32.0,0.003
204,MLP Regressor,2.86411682649452,,460.0,32.0,0.003
205,MLP Regressor,4.132375078136223,,460.0,32.0,0.003
206,MLP Regressor,2.3630255311018127,,460.0,32.0,0.003
207,MLP Regressor,3.699598299298461,,460.0,32.0,0.003
208,MLP Regressor,3.9409743756263023,,410.0,32.0,0.003
209,MLP Regressor,2.800269814533372,,470.0,32.0,0.003
210,FNN Regressor,0.5229613193174678,,370.0,256.0,0.03
211,FNN Regressor,0.5155927631446453,,370.0,256.0,0.03
212,FNN Regressor,0.5621273852148433,,370.0,256.0,0.03
213,FNN Regressor,0.7040655361181166,,410.0,256.0,0.03
214,FNN Regressor,0.5086342269838009,,410.0,256.0,0.03
215,FNN Regressor,0.556253549232916,,410.0,256.0,0.03
216,FNN Regressor,0.7583953112886255,,410.0,128.0,0.03
217,FNN Regressor,0.5372368551020633,,410.0,64.0,0.03
218,FNN Regressor,0.7567771311399879,,410.0,64.0,0.03
219,FNN Regressor,0.6676755447054209,,380.0,64.0,0.03
220,FNN Regressor,0.6749509313455189,,450.0,64.0,0.03
221,FNN Regressor,0.8713785365526663,,380.0,64.0,0.03
222,FNN Regressor,0.881593676280969,,380.0,128.0,0.03
223,FNN Regressor,0.5842296923086847,,380.0,128.0,0.03
224,FNN Regressor,0.5444478057440169,,380.0,128.0,0.03
225,FNN Regressor,0.5971573441986612,,380.0,128.0,0.03
226,FNN Regressor,0.5140789153997473,,390.0,128.0,0.03
227,FNN Regressor,0.7277401257927243,,390.0,128.0,0.01
228,FNN Regressor,0.5583957270065195,,410.0,128.0,0.01
229,FNN Regressor,0.5876194241438326,,400.0,128.0,0.01
230,FNN Regressor,0.8731246186813498,,470.0,128.0,0.01
231,FNN Regressor,0.6114093866221831,,470.0,128.0,0.01
232,FNN Regressor,0.6338081155892021,,440.0,128.0,0.01
233,FNN Regressor,0.7360556919711612,,490.0,128.0,0.01
234,FNN Regressor,0.5898412411965502,,470.0,128.0,0.01
235,FNN Regressor,0.7562450101336795,,470.0,256.0,0.01
236,FNN Regressor,0.5984171046808364,,470.0,128.0,0.01
237,FNN Regressor,0.7222687853700438,,470.0,128.0,0.01
238,FNN Regressor,0.5495619739316407,,470.0,128.0,0.03
239,XGBoost Regressor,0.44332177708495946,1223.0,,,
240,XGBoost Regressor,0.44332177708495946,833.0,,,
241,MLP Regressor,3.2875600762083153,,470.0,32.0,0.003
242,MLP Regressor,3.778775509857945,,470.0,32.0,0.003
243,MLP Regressor,3.356671833195814,,470.0,32.0,0.003
244,MLP Regressor,3.1370367636958822,,470.0,32.0,0.003
245,MLP Regressor,2.485256179608142,,440.0,32.0,0.003
246,MLP Regressor,2.5896031803645094,,440.0,32.0,0.003
247,MLP Regressor,2.785414018766453,,440.0,32.0,0.003
248,MLP Regressor,3.079028034315324,,430.0,32.0,0.003
249,MLP Regressor,2.526100541984752,,430.0,32.0,0.003
250,MLP Regressor,3.376593621705433,,430.0,32.0,0.003
251,MLP Regressor,3.4636535632657406,,480.0,32.0,0.003
252,MLP Regressor,2.517176963546876,,480.0,32.0,0.003
253,MLP Regressor,2.49132401886494,,480.0,32.0,0.003
254,MLP Regressor,2.7373849943716624,,480.0,32.0,0.003
255,MLP Regressor,3.153814905327912,,480.0,32.0,0.003
256,MLP Regressor,3.657433351807164,,440.0,32.0,0.003
257,MLP Regressor,3.2439584563833512,,440.0,32.0,0.003
258,FNN Regressor,1.1295535984085403,,470.0,256.0,0.03
259,FNN Regressor,0.553597335499672,,470.0,128.0,0.03
260,FNN Regressor,0.5944954985474387,,470.0,128.0,0.01
261,FNN Regressor,0.61531406397798,,430.0,128.0,0.01
262,FNN Regressor,0.6604782870497392,,440.0,128.0,0.01
263,FNN Regressor,0.5756080234591755,,400.0,128.0,0.01
264,FNN Regressor,0.603587838614087,,400.0,128.0,0.003
265,LightGBM Regressor,0.45874457495831533,1237.0,,,
266,LightGBM Regressor,0.4588653873867404,1463.0,,,
267,XGBoost Regressor,0.44332177708495946,913.0,,,
268,XGBoost Regressor,0.44332177708495946,686.0,,,
269,XGBoost Regressor,0.44332177708495946,453.0,,,
270,XGBoost Regressor,0.44332177708495946,618.0,,,
271,MLP Regressor,4.051404859954719,,350.0,32.0,0.003
272,MLP Regressor,3.6058322921166934,,350.0,32.0,0.003
273,MLP Regressor,2.85653152919308,,350.0,32.0,0.003
274,MLP Regressor,4.206153967993064,,260.0,32.0,0.003
275,MLP Regressor,3.4309664011367587,,260.0,32.0,0.003
276,MLP Regressor,4.416469660055004,,260.0,32.0,0.003
277,MLP Regressor,4.270818232206752,,260.0,32.0,0.003
278,MLP Regressor,3.9623037770707232,,200.0,32.0,0.003
279,MLP Regressor,4.609356948328827,,200.0,32.0,0.003
280,MLP Regressor,4.564278888403752,,200.0,32.0,0.003
281,MLP Regressor,4.700384584386395,,200.0,32.0,0.003
282,MLP Regressor,4.436016457657712,,200.0,32.0,0.003
283,MLP Regressor,3.162860784108033,,280.0,32.0,0.003
284,MLP Regressor,4.327350277746831,,290.0,32.0,0.003
285,MLP Regressor,4.19732746888152,,340.0,32.0,0.003
286,MLP Regressor,4.138216967888904,,340.0,32.0,0.003
287,MLP Regressor,3.7090195264625816,,340.0,32.0,0.003
288,MLP Regressor,4.53249557173278,,250.0,32.0,0.003
289,MLP Regressor,4.044149650812311,,250.0,32.0,0.003
290,MLP Regressor,4.761891208491367,,190.0,32.0,0.003
291,MLP Regressor,4.676075533988638,,190.0,32.0,0.003
292,XGBoost Regressor,0.4433709340865419,260.0,,,
293,XGBoost Regressor,0.44332177708495946,496.0,,,
294,XGBoost Regressor,0.44332177708495946,669.0,,,
295,XGBoost Regressor,0.44332177708495946,488.0,,,
296,XGBoost Regressor,0.4433217072826705,297.0,,,
297,XGBoost Regressor,0.443321764606677,340.0,,,
298,XGBoost Regressor,0.44332177708495946,703.0,,,
299,XGBoost Regressor,0.44332177708495946,761.0,,,
300,XGBoost Regressor,0.44332177708495946,1036.0,,,
301,XGBoost Regressor,0.44332177708495946,1066.0,,,
302,XGBoost Regressor,0.44332177708495946,757.0,,,
303,XGBoost Regressor,0.44332177708495946,393.0,,,
304,XGBoost Regressor,0.43727964045609163,62.0,,,
305,XGBoost Regressor,0.44332175927291273,336.0,,,
306,XGBoost Regressor,0.44332177708495946,501.0,,,
307,XGBoost Regressor,0.44332177708495946,804.0,,,
308,XGBoost Regressor,0.44332177708495946,1075.0,,,
309,Logistic Regressor,25.26324762320763,,180.0,128.0,0.001
310,Logistic Regressor,21.058243345575793,,180.0,128.0,0.001
311,Logistic Regressor,52.01241803533183,,180.0,128.0,0.001
312,FNN Regressor,0.5777636169896082,,400.0,256.0,0.003
313,FNN Regressor,0.7596605447699156,,350.0,256.0,0.003
314,MLP Regressor,4.964666369083576,,120.0,32.0,0.003
315,XGBoost Regressor,0.44332177708495946,1265.0,,,
316,XGBoost Regressor,0.44332177708495946,1050.0,,,
317,XGBoost Regressor,0.44332177708495946,983.0,,,
318,XGBoost Regressor,0.44332177708495946,708.0,,,
319,XGBoost Regressor,0.44332177708495946,536.0,,,
320,XGBoost Regressor,0.44332177394140543,347.0,,,
321,XGBoost Regressor,0.44332177708495946,677.0,,,
322,XGBoost Regressor,0.44332177708495946,936.0,,,
323,XGBoost Regressor,0.44332177708495946,1030.0,,,
324,XGBoost Regressor,0.44332177708495946,802.0,,,
325,XGBoost Regressor,0.44332177708495946,611.0,,,
326,XGBoost Regressor,0.44332177708495946,743.0,,,
327,XGBoost Regressor,0.44332177708495946,1112.0,,,
328,XGBoost Regressor,0.44332177708495946,1342.0,,,
329,XGBoost Regressor,0.44332177708495946,1351.0,,,
330,XGBoost Regressor,0.44332177708495946,1426.0,,,
331,XGBoost Regressor,0.44332177708495946,1212.0,,,
332,XGBoost Regressor,0.44332177708495946,866.0,,,
333,XGBoost Regressor,0.44332177708495946,1051.0,,,
334,XGBoost Regressor,0.44332177708495946,1003.0,,,
335,XGBoost Regressor,0.44332177708495946,935.0,,,
336,XGBoost Regressor,0.44332177708495946,1052.0,,,
337,XGBoost Regressor,0.44332177708495946,768.0,,,
338,FNN Regressor,0.6694515779304799,,400.0,256.0,0.003
339,FNN Regressor,0.5926430753577943,,400.0,256.0,0.003
340,FNN Regressor,0.5734829411075716,,400.0,256.0,0.003
341,FNN Regressor,4.6143715774253815,,400.0,256.0,0.001
342,FNN Regressor,4.608396559600488,,400.0,128.0,0.001
343,FNN Regressor,6.143884381745958,,360.0,128.0,0.001
344,FNN Regressor,4.973285434860251,,370.0,128.0,0.001
345,FNN Regressor,5.322331336145722,,370.0,128.0,0.001
346,FNN Regressor,7.533959581793209,,310.0,128.0,0.001
347,FNN Regressor,8.453985891951344,,280.0,128.0,0.001
348,FNN Regressor,13.192821846520731,,200.0,128.0,0.001
349,FNN Regressor,12.447168282880398,,200.0,128.0,0.001
350,FNN Regressor,9.38261891555944,,260.0,128.0,0.001
351,FNN Regressor,9.584623063534448,,260.0,128.0,0.001
352,FNN Regressor,0.8244869003751671,,260.0,128.0,0.003
353,XGBoost Regressor,0.44332177708495946,878.0,,,
354,XGBoost Regressor,0.44332177708495946,1083.0,,,
355,XGBoost Regressor,0.44332177708495946,1264.0,,,
356,XGBoost Regressor,0.44332177708495946,1317.0,,,
357,XGBoost Regressor,0.44332177708495946,1363.0,,,
358,XGBoost Regressor,0.44332177708495946,1749.0,,,
359,XGBoost Regressor,0.44332177708495946,1822.0,,,
360,XGBoost Regressor,0.44332177708495946,1768.0,,,
361,XGBoost Regressor,0.44332177708495946,1829.0,,,
362,XGBoost Regressor,0.44332177708495946,1761.0,,,
363,XGBoost Regressor,0.44332177708495946,1596.0,,,
364,XGBoost Regressor,0.44332177708495946,1663.0,,,
365,XGBoost Regressor,0.44332177708495946,1691.0,,,
366,XGBoost Regressor,0.44332177708495946,1881.0,,,
367,XGBoost Regressor,0.44332177708495946,1948.0,,,
368,FNN Regressor,0.8830839303947443,,260.0,64.0,0.003
369,FNN Regressor,0.6206735107699619,,330.0,64.0,0.003
370,FNN Regressor,1.2151617969278696,,290.0,64.0,0.003
371,MLP Regressor,3.8820352608923527,,120.0,32.0,0.003
372,MLP Regressor,4.563627061405473,,140.0,32.0,0.003
373,XGBoost Regressor,0.44332177708495946,1589.0,,,
374,XGBoost Regressor,0.44332177708495946,1940.0,,,
375,XGBoost Regressor,0.44332177708495946,1879.0,,,
376,XGBoost Regressor,0.44332177708495946,1551.0,,,
377,MLP Regressor,5.014120468264528,,130.0,32.0,0.003
378,MLP Regressor,5.018895481215098,,130.0,32.0,0.003
379,MLP Regressor,4.830556963315555,,130.0,32.0,0.003
380,MLP Regressor,4.961157670493979,,130.0,32.0,0.003
381,MLP Regressor,4.8790485424310654,,130.0,32.0,0.003
382,MLP Regressor,4.904777699193139,,190.0,32.0,0.003
383,MLP Regressor,4.79306857231288,,190.0,32.0,0.003
384,MLP Regressor,4.47843388025976,,190.0,32.0,0.003
385,MLP Regressor,4.658340041141139,,190.0,32.0,0.003
386,MLP Regressor,4.693398872947502,,190.0,32.0,0.003
387,MLP Regressor,4.52228166191965,,150.0,32.0,0.003
388,MLP Regressor,5.043783508610864,,150.0,32.0,0.003
389,MLP Regressor,4.499718774850718,,150.0,32.0,0.003
390,MLP Regressor,4.404696947709246,,150.0,32.0,0.003
391,MLP Regressor,4.103818804911789,,150.0,32.0,0.003
392,MLP Regressor,4.562276787723363,,150.0,32.0,0.003
393,MLP Regressor,4.9660896848072,,100.0,32.0,0.003
394,MLP Regressor,5.064260795297569,,110.0,32.0,0.003
395,MLP Regressor,4.834157355154446,,110.0,32.0,0.003
396,MLP Regressor,4.994347377775198,,110.0,32.0,0.003
397,MLP Regressor,4.724462449816698,,110.0,32.0,0.003
398,MLP Regressor,4.722212850573064,,140.0,32.0,0.003
399,MLP Regressor,4.703986171533389,,140.0,32.0,0.003
400,MLP Regressor,5.049227821305476,,140.0,32.0,0.003
401,MLP Regressor,4.703869401398185,,140.0,32.0,0.003
402,MLP Regressor,4.978125359521088,,140.0,32.0,0.003
403,MLP Regressor,4.407270543922685,,140.0,32.0,0.003
404,MLP Regressor,4.033883996180457,,140.0,32.0,0.003
405,MLP Regressor,4.8565094962973845,,140.0,32.0,0.003
406,MLP Regressor,4.260311969266171,,140.0,32.0,0.003
407,MLP Regressor,3.95910924924195,,200.0,32.0,0.003
408,LightGBM Regressor,0.45910558873864815,1412.0,,,
409,LightGBM Regressor,0.4594316125647212,1592.0,,,
410,LightGBM Regressor,0.45956062571068096,1590.0,,,
411,LightGBM Regressor,0.4622096067103257,1881.0,,,
412,LightGBM Regressor,0.46017439212830297,1711.0,,,
413,XGBoost Regressor,0.44332177708495946,1362.0,,,
414,FNN Regressor,0.7336145755236397,,290.0,32.0,0.003
415,FNN Regressor,0.5847232864119674,,290.0,32.0,0.01
416,FNN Regressor,0.7034495193886726,,200.0,32.0,0.01
417,LightGBM Regressor,0.4590498511611174,1405.0,,,
418,LightGBM Regressor,0.4587209216242527,1227.0,,,
419,LightGBM Regressor,0.4584494956611988,1135.0,,,
420,LightGBM Regressor,0.45923775528795363,1099.0,,,
421,LightGBM Regressor,0.4681491751831181,776.0,,,
422,LightGBM Regressor,0.47055866762310544,745.0,,,
423,LightGBM Regressor,0.4807828536283202,642.0,,,
424,LightGBM Regressor,0.49605876076540073,534.0,,,
425,XGBoost Regressor,0.44332177708495946,1029.0,,,
426,XGBoost Regressor,0.44332177708495946,1115.0,,,
427,XGBoost Regressor,0.44332177708495946,1250.0,,,
428,XGBoost Regressor,0.44332177708495946,1052.0,,,
429,XGBoost Regressor,0.44332177708495946,680.0,,,
430,XGBoost Regressor,0.44332177708495946,698.0,,,
431,XGBoost Regressor,0.44332177708495946,740.0,,,
432,XGBoost Regressor,0.44332177708495946,550.0,,,
433,XGBoost Regressor,0.4437365198138423,214.0,,,
434,XGBoost Regressor,0.44338606771475203,223.0,,,
435,XGBoost Regressor,0.44332177708495946,482.0,,,
436,XGBoost Regressor,0.4433217539394148,332.0,,,
437,XGBoost Regressor,0.4433217232769711,309.0,,,
438,XGBoost Regressor,0.4423400194814722,143.0,,,
439,XGBoost Regressor,0.44332177708495946,444.0,,,
440,XGBoost Regressor,0.44332177708495946,380.0,,,
441,XGBoost Regressor,0.4433535052317848,190.0,,,
442,XGBoost Regressor,0.443321763273211,339.0,,,
443,FNN Regressor,1.0736046342364733,,200.0,16.0,0.01
444,FNN Regressor,1.467573137055644,,200.0,16.0,0.003
445,FNN Regressor,1.5043515985074685,,200.0,16.0,0.003
446,FNN Regressor,0.6406661495804059,,280.0,16.0,0.003
447,MLP Regressor,3.4640446992102123,,200.0,32.0,0.003
448,MLP Regressor,4.4191025999303974,,200.0,32.0,0.003
449,MLP Regressor,5.026913388239226,,200.0,32.0,0.003
450,MLP Regressor,4.411763472100079,,200.0,32.0,0.003
451,MLP Regressor,4.489416114526041,,200.0,32.0,0.003
452,MLP Regressor,4.550569405215022,,200.0,32.0,0.003
453,MLP Regressor,4.871693202357203,,210.0,32.0,0.003
454,MLP Regressor,3.5819250447465065,,160.0,32.0,0.003
455,MLP Regressor,5.012386875499449,,160.0,32.0,0.003
456,MLP Regressor,4.4527409669139395,,230.0,32.0,0.003
457,MLP Regressor,4.511765585322714,,230.0,32.0,0.003
458,MLP Regressor,4.361157647603244,,230.0,32.0,0.003
459,MLP Regressor,3.8241751091439675,,230.0,32.0,0.003
460,MLP Regressor,4.503690622350739,,230.0,32.0,0.003
461,MLP Regressor,4.538041989708328,,230.0,32.0,0.003
462,MLP Regressor,4.695908849447066,,230.0,32.0,0.003
463,MLP Regressor,4.08445774988881,,230.0,32.0,0.003
464,MLP Regressor,4.1787821175750475,,280.0,32.0,0.003
465,MLP Regressor,4.351885632028454,,280.0,32.0,0.003
466,MLP Regressor,3.7983321381488135,,280.0,32.0,0.003
467,Logistic Regressor,7.645592143959432,,100.0,128.0,0.001
468,Logistic Regressor,13.03421451031534,,140.0,128.0,0.001
469,FNN Regressor,0.6516584790090458,,270.0,16.0,0.003
470,FNN Regressor,9.478086755185158,,270.0,16.0,0.001
471,FNN Regressor,9.479588480437931,,270.0,16.0,0.001
472,FNN Regressor,9.108920687508387,,250.0,16.0,0.001
473,FNN Regressor,9.783821933474735,,250.0,16.0,0.001
474,FNN Regressor,10.99308734035797,,250.0,16.0,0.001
475,Logistic Regressor,34.2276067911681,,140.0,128.0,0.001
476,Logistic Regressor,22.239043658345707,,140.0,128.0,0.001
477,Logistic Regressor,29.370217897176147,,140.0,128.0,0.0003
478,Logistic Regressor,30.996759717996103,,140.0,64.0,0.0003
479,FNN Regressor,0.7513058232116664,,250.0,16.0,0.003
480,FNN Regressor,0.84113556292295,,250.0,16.0,0.003
481,FNN Regressor,0.9235919063292882,,250.0,16.0,0.003
482,FNN Regressor,2.685148332572206,,160.0,16.0,0.003
483,XGBoost Regressor,0.44332177708495946,659.0,,,
484,XGBoost Regressor,0.44332177708495946,984.0,,,
485,XGBoost Regressor,0.44332177708495946,1052.0,,,
486,XGBoost Regressor,0.44332177708495946,791.0,,,
487,XGBoost Regressor,0.44332177708495946,1161.0,,,
488,XGBoost Regressor,0.44332177708495946,1383.0,,,
489,XGBoost Regressor,0.44332177708495946,1373.0,,,
490,XGBoost Regressor,0.44332177708495946,1109.0,,,
491,XGBoost Regressor,0.44332177708495946,785.0,,,
492,XGBoost Regressor,0.44332177708495946,587.0,,,
493,XGBoost Regressor,0.44332177708495946,665.0,,,
494,Logistic Regressor,55.51765532680352,,60.0,64.0,0.0003
495,Logistic Regressor,37.56769720750588,,100.0,64.0,0.0003
496,Logistic Regressor,107.1440182871761,,100.0,64.0,0.0003
497,Logistic Regressor,38.90326106730413,,100.0,32.0,0.0003
498,LightGBM Regressor,0.615555664922916,190.0,,,
499,LightGBM Regressor,0.7606561057339146,52.0,,,
500,LightGBM Regressor,0.6090494818943343,198.0,,,
501,LightGBM Regressor,0.7788969805037425,50.0,,,
502,LightGBM Regressor,0.5885811230660076,217.0,,,
503,LightGBM Regressor,0.6384799538185938,160.0,,,
504,LightGBM Regressor,0.6408074208545439,149.0,,,
505,LightGBM Regressor,0.538105192429242,328.0,,,
506,LightGBM Regressor,0.5667797104133951,267.0,,,
507,XGBoost Regressor,0.44332177708495946,918.0,,,
508,XGBoost Regressor,0.44332177708495946,1283.0,,,
509,XGBoost Regressor,0.44332177708495946,1637.0,,,
510,XGBoost Regressor,0.44332177708495946,1366.0,,,
511,XGBoost Regressor,0.44332177708495946,1251.0,,,
512,XGBoost Regressor,0.44332177708495946,1400.0,,,
513,XGBoost Regressor,0.44332177708495946,1130.0,,,
514,XGBoost Regressor,0.44332177708495946,937.0,,,
515,XGBoost Regressor,0.44332177708495946,728.0,,,
516,XGBoost Regressor,0.44332177708495946,830.0,,,
517,XGBoost Regressor,0.44332177708495946,716.0,,,
518,XGBoost Regressor,0.44332177708495946,572.0,,,
519,XGBoost Regressor,0.44332177708495946,794.0,,,
520,XGBoost Regressor,0.44332177708495946,644.0,,,
521,XGBoost Regressor,0.44332176594015965,341.0,,,
522,XGBoost Regressor,0.44332177708495946,369.0,,,
523,XGBoost Regressor,0.44332177708495946,655.0,,,
524,FNN Regressor,3.0239675543191376,,160.0,32.0,0.003
525,FNN Regressor,2.890368711590389,,160.0,16.0,0.003
526,FNN Regressor,2.4274307512375417,,160.0,32.0,0.003
527,FNN Regressor,7.767160198647238,,100.0,32.0,0.003
528,FNN Regressor,1.3407881175413279,,180.0,32.0,0.003
529,FNN Regressor,0.7010426036597002,,180.0,32.0,0.01
530,FNN Regressor,1.1861493298691754,,180.0,32.0,0.01
531,FNN Regressor,0.5663747514584517,,250.0,32.0,0.01
532,FNN Regressor,0.6342025985904582,,220.0,32.0,0.01
533,FNN Regressor,0.5800980319484864,,250.0,32.0,0.01
534,FNN Regressor,0.5016784674174258,,250.0,32.0,0.03
535,FNN Regressor,0.6348697162558382,,250.0,32.0,0.03
536,FNN Regressor,0.560089222963206,,250.0,16.0,0.03
537,FNN Regressor,0.47333657871726753,,250.0,32.0,0.03
538,FNN Regressor,0.47710594789899,,250.0,16.0,0.03
539,FNN Regressor,0.6559906051915037,,260.0,16.0,0.03
540,FNN Regressor,0.5576836358691912,,260.0,32.0,0.03
541,FNN Regressor,0.66926332157605,,260.0,32.0,0.03
542,XGBoost Regressor,0.44332177708495946,429.0,,,
543,XGBoost Regressor,0.4433217059499203,296.0,,,
544,XGBoost Regressor,0.44332177708495946,616.0,,,
545,XGBoost Regressor,0.44332177708495946,592.0,,,
546,XGBoost Regressor,0.44332177708495946,487.0,,,
547,XGBoost Regressor,0.44332177708495946,474.0,,,
548,XGBoost Regressor,0.44329904309234475,238.0,,,
549,XGBoost Regressor,0.4427051635421974,146.0,,,
550,XGBoost Regressor,0.44336882498974484,193.0,,,
551,XGBoost Regressor,0.44302038838224195,173.0,,,
552,XGBoost Regressor,0.43669686889451725,89.0,,,
553,XGBoost Regressor,0.4427780381949845,168.0,,,
554,XGBoost Regressor,0.44332177708495946,403.0,,,
555,XGBoost Regressor,0.4351933395705395,85.0,,,
556,XGBoost Regressor,0.43963408331485454,103.0,,,
557,XGBoost Regressor,0.44332177708495946,387.0,,,
558,XGBoost Regressor,0.4433217086154373,298.0,,,
559,XGBoost Regressor,0.4433216859606655,281.0,,,
560,MLP Regressor,4.009723755797136,,280.0,32.0,0.003
561,MLP Regressor,4.413480245205199,,280.0,32.0,0.003
562,MLP Regressor,3.0623380482471845,,350.0,32.0,0.003
563,MLP Regressor,3.5546301216847684,,350.0,32.0,0.003
564,XGBoost Regressor,0.4428161704950383,163.0,,,
565,XGBoost Regressor,0.44332177708495946,538.0,,,
566,XGBoost Regressor,0.44332177708495946,373.0,,,
567,FNN Regressor,0.6485946865262834,,260.0,16.0,0.03
568,FNN Regressor,0.5062629398216546,,260.0,32.0,0.03
569,FNN Regressor,0.5015825329054345,,260.0,16.0,0.03
570,FNN Regressor,0.572539984586613,,260.0,16.0,0.03
571,FNN Regressor,0.5973502552182886,,260.0,16.0,0.03
572,FNN Regressor,0.5401354627970981,,260.0,16.0,0.03
573,FNN Regressor,0.523235240034063,,250.0,16.0,0.03
574,FNN Regressor,0.6261313589337736,,200.0,16.0,0.03
575,FNN Regressor,1.735822876547418,,140.0,16.0,0.03
576,FNN Regressor,0.8104139880395199,,140.0,32.0,0.03
577,FNN Regressor,0.5672025945448034,,230.0,32.0,0.03
578,FNN Regressor,0.5699809190084364,,230.0,32.0,0.03
579,FNN Regressor,0.731700007067264,,230.0,32.0,0.01
580,FNN Regressor,0.6143317063486458,,230.0,16.0,0.01
581,FNN Regressor,0.6187950171800329,,230.0,16.0,0.01
582,FNN Regressor,0.613109293547314,,270.0,16.0,0.01
583,FNN Regressor,0.5497257181479966,,270.0,16.0,0.01
584,FNN Regressor,0.5293207680260149,,280.0,16.0,0.01
585,FNN Regressor,0.7569347225289269,,280.0,16.0,0.01
586,MLP Regressor,2.426152389279287,,350.0,32.0,0.003
587,MLP Regressor,4.455322110898295,,260.0,32.0,0.003
588,MLP Regressor,4.3833231313162075,,260.0,32.0,0.003
589,MLP Regressor,4.264406947943211,,260.0,32.0,0.003
590,MLP Regressor,3.791045804853351,,300.0,32.0,0.003
591,MLP Regressor,4.3120352357798994,,300.0,32.0,0.003
592,MLP Regressor,4.705402877476427,,240.0,32.0,0.003
593,MLP Regressor,4.21164831277004,,240.0,32.0,0.003
594,MLP Regressor,4.382670079040412,,240.0,32.0,0.003
595,MLP Regressor,3.748317624083123,,240.0,32.0,0.003
596,MLP Regressor,3.908856563451851,,240.0,32.0,0.003
597,MLP Regressor,4.573833541089395,,240.0,32.0,0.003
598,MLP Regressor,4.745484213228882,,160.0,32.0,0.003
599,MLP Regressor,4.482426742856166,,160.0,32.0,0.003
600,MLP Regressor,4.595231082118375,,160.0,32.0,0.003
601,MLP Regressor,4.605942939525354,,160.0,32.0,0.003
602,MLP Regressor,4.960101201767043,,160.0,32.0,0.003
603,MLP Regressor,5.049644664397553,,160.0,32.0,0.003
604,MLP Regressor,4.568572202023892,,160.0,32.0,0.003
605,MLP Regressor,4.948655243988072,,100.0,32.0,0.003
606,MLP Regressor,5.09189365952117,,100.0,32.0,0.003
607,FNN Regressor,0.48411897816512256,,280.0,16.0,0.03
608,LightGBM Regressor,0.6412324856575095,147.0,,,
609,LightGBM Regressor,0.4977299311075913,527.0,,,
610,FNN Regressor,0.5907519947693131,,280.0,16.0,0.03
611,FNN Regressor,0.5235676252447056,,300.0,16.0,0.03
612,FNN Regressor,0.571970253356366,,230.0,16.0,0.03
613,FNN Regressor,0.6604180877818714,,230.0,32.0,0.03
614,FNN Regressor,0.48810726223709255,,310.0,32.0,0.03
615,FNN Regressor,0.5499680702347118,,310.0,16.0,0.03
616,FNN Regressor,0.5242209262640862,,310.0,16.0,0.03
617,FNN Regressor,0.4782344096089565,,310.0,32.0,0.03
618,FNN Regressor,0.5140351794211316,,350.0,32.0,0.03
619,FNN Regressor,0.6246082618783151,,350.0,32.0,0.03
620,FNN Regressor,0.6173587938025875,,350.0,32.0,0.03
621,FNN Regressor,0.7778608339702002,,260.0,32.0,0.03
622,FNN Regressor,0.535741700073248,,260.0,32.0,0.03
623,FNN Regressor,0.5730485585709755,,260.0,32.0,0.03
624,FNN Regressor,0.8298448556077064,,260.0,32.0,0.03
625,FNN Regressor,0.5070985963704899,,260.0,32.0,0.01
626,FNN Regressor,0.779784083122116,,260.0,32.0,0.01
627,FNN Regressor,0.632207456355913,,260.0,32.0,0.03
628,FNN Regressor,0.5465038044464761,,260.0,64.0,0.03
629,XGBoost Regressor,0.44332177708495946,603.0,,,
630,XGBoost Regressor,0.44332177708495946,962.0,,,
631,XGBoost Regressor,0.44332177708495946,702.0,,,
632,XGBoost Regressor,0.44332177708495946,407.0,,,
633,XGBoost Regressor,0.4427051635421974,146.0,,,
634,XGBoost Regressor,0.44329904309234475,238.0,,,
635,XGBoost Regressor,0.4346591619888822,52.0,,,
636,XGBoost Regressor,0.4357196990182018,75.0,,,
637,XGBoost Regressor,0.4433217446064344,325.0,,,
638,XGBoost Regressor,0.4434692715440049,263.0,,,
639,XGBoost Regressor,0.44332177708495946,395.0,,,
640,XGBoost Regressor,0.44332177708495946,740.0,,,
641,XGBoost Regressor,0.44332177708495946,779.0,,,
642,XGBoost Regressor,0.44332177708495946,536.0,,,
643,XGBoost Regressor,0.44332177708495946,425.0,,,
644,XGBoost Regressor,0.4364850870816799,69.0,,,
645,XGBoost Regressor,0.4414479964177674,131.0,,,
646,XGBoost Regressor,0.44332177708495946,505.0,,,
647,LightGBM Regressor,0.46307541887241815,899.0,,,
648,LightGBM Regressor,0.4647262937240082,855.0,,,
649,LightGBM Regressor,0.4657804983451093,819.0,,,
650,LightGBM Regressor,0.48714723662754267,586.0,,,
651,LightGBM Regressor,0.5044880767743679,478.0,,,
652,LightGBM Regressor,0.5797703608492277,226.0,,,
653,LightGBM Regressor,0.4905995409878225,560.0,,,
654,LightGBM Regressor,0.5032289946888513,503.0,,,
655,LightGBM Regressor,0.6279029966847446,170.0,,,
656,LightGBM Regressor,0.5232449227812348,382.0,,,
657,LightGBM Regressor,0.47130162934035963,737.0,,,
658,LightGBM Regressor,0.46582249790044583,824.0,,,
659,LightGBM Regressor,0.4954018576427098,539.0,,,
660,LightGBM Regressor,0.5273162400980352,358.0,,,
661,XGBoost Regressor,0.44332177708495946,709.0,,,
662,XGBoost Regressor,0.44332177708495946,758.0,,,
663,XGBoost Regressor,0.44332177708495946,507.0,,,
664,XGBoost Regressor,0.44302472737414356,152.0,,,
665,XGBoost Regressor,0.44332177708495946,358.0,,,
666,XGBoost Regressor,0.44302038838224195,173.0,,,
667,XGBoost Regressor,0.44332177708495946,548.0,,,
668,XGBoost Regressor,0.44332177708495946,472.0,,,
669,XGBoost Regressor,0.44332177708495946,513.0,,,
670,XGBoost Regressor,0.44332177708495946,543.0,,,
671,XGBoost Regressor,0.44356814945452894,219.0,,,
672,XGBoost Regressor,0.4434564007017105,202.0,,,
673,XGBoost Regressor,0.44332177708495946,356.0,,,
674,XGBoost Regressor,0.44332177708495946,745.0,,,
675,XGBoost Regressor,0.44332177708495946,430.0,,,
676,XGBoost Regressor,0.44332177708495946,815.0,,,
677,XGBoost Regressor,0.44332177708495946,595.0,,,
678,XGBoost Regressor,0.44332177708495946,413.0,,,
679,XGBoost Regressor,0.44332177708495946,613.0,,,
680,XGBoost Regressor,0.44332177708495946,367.0,,,
681,XGBoost Regressor,0.4433217352742698,318.0,,,
682,XGBoost Regressor,0.44332177708495946,361.0,,,
683,XGBoost Regressor,0.44332177708495946,362.0,,,
684,XGBoost Regressor,0.44332177708495946,672.0,,,
685,XGBoost Regressor,0.44332172594292096,311.0,,,
686,XGBoost Regressor,0.4433216899582168,284.0,,,
687,XGBoost Regressor,0.43609154690250046,64.0,,,
688,XGBoost Regressor,0.44332177708495946,405.0,,,
689,XGBoost Regressor,0.44332177708495946,729.0,,,
690,XGBoost Regressor,0.44332177708495946,596.0,,,
691,XGBoost Regressor,0.44332177708495946,550.0,,,
692,XGBoost Regressor,0.44332177708495946,593.0,,,
693,XGBoost Regressor,0.4433217019517697,293.0,,,
694,XGBoost Regressor,0.44332177708495946,464.0,,,
695,XGBoost Regressor,0.44332177708495946,463.0,,,
696,XGBoost Regressor,0.44332177708495946,582.0,,,
697,XGBoost Regressor,0.4433217232769711,309.0,,,
698,XGBoost Regressor,0.44332177708495946,585.0,,,
699,XGBoost Regressor,0.44353209814737204,206.0,,,
700,XGBoost Regressor,0.44332175927291273,336.0,,,
701,XGBoost Regressor,0.4433217232769711,309.0,,,
702,XGBoost Regressor,0.44332174060683543,322.0,,,
703,XGBoost Regressor,0.44332177708495946,634.0,,,
704,FNN Regressor,0.4967772783993508,,260.0,64.0,0.03
705,FNN Regressor,0.5138404886597852,,220.0,64.0,0.03
706,FNN Regressor,0.4658586061821581,,220.0,128.0,0.03
707,FNN Regressor,0.527018188234855,,220.0,128.0,0.03
708,FNN Regressor,0.5315429233345098,,220.0,128.0,0.03
709,FNN Regressor,0.49762520821487327,,240.0,128.0,0.03
710,FNN Regressor,0.6830439893658276,,160.0,128.0,0.03
711,FNN Regressor,0.6929312965949452,,160.0,128.0,0.03
712,FNN Regressor,0.6348673523499715,,160.0,64.0,0.03
713,FNN Regressor,0.7035007978293014,,160.0,64.0,0.01
714,MLP Regressor,4.688184983221383,,140.0,32.0,0.003
715,MLP Regressor,4.568524448971112,,140.0,32.0,0.003
716,FNN Regressor,1.0322654179917277,,160.0,64.0,0.01
717,FNN Regressor,1.197690514642019,,160.0,32.0,0.01
718,FNN Regressor,1.0297268061810307,,150.0,32.0,0.01
719,FNN Regressor,1.6722978181166182,,150.0,32.0,0.01
720,FNN Regressor,1.1950629032700948,,150.0,16.0,0.01
721,FNN Regressor,0.5904608042008641,,230.0,16.0,0.01
722,FNN Regressor,0.7192580174263714,,180.0,16.0,0.01
723,XGBoost Regressor,0.44332177708495946,585.0,,,
724,XGBoost Regressor,0.44332177708495946,565.0,,,
725,XGBoost Regressor,0.44332177708495946,410.0,,,
726,MLP Regressor,4.799740287889625,,140.0,32.0,0.003
727,MLP Regressor,4.761676516994896,,140.0,32.0,0.003
728,MLP Regressor,4.980316860857147,,140.0,32.0,0.003
729,MLP Regressor,4.806767358010516,,140.0,32.0,0.003
730,MLP Regressor,4.8621260193910105,,60.0,32.0,0.003
731,MLP Regressor,4.891943413347851,,130.0,32.0,0.003
732,MLP Regressor,5.856004404772026,,50.0,32.0,0.003
733,MLP Regressor,5.696341289161268,,50.0,32.0,0.003
734,FNN Regressor,1.7293753014815372,,120.0,16.0,0.01
735,FNN Regressor,1.2230795098327747,,120.0,32.0,0.01
736,FNN Regressor,0.7537158151244016,,170.0,32.0,0.01
737,FNN Regressor,2.521918417948985,,80.0,32.0,0.01
738,FNN Regressor,2.6986046402522774,,80.0,32.0,0.01
739,FNN Regressor,2.008787352714314,,110.0,32.0,0.01
740,FNN Regressor,2.1451946968425113,,110.0,32.0,0.01
741,FNN Regressor,2.334312857965714,,110.0,32.0,0.01
742,FNN Regressor,1.8491449879726916,,110.0,32.0,0.03
743,FNN Regressor,1.1679164431376468,,140.0,32.0,0.03
744,FNN Regressor,1.0019433547305652,,140.0,32.0,0.03
745,FNN Regressor,1.309253782499317,,140.0,32.0,0.03
746,FNN Regressor,1.367128356349187,,140.0,16.0,0.03
747,FNN Regressor,2.623651583132296,,140.0,16.0,0.03
748,LightGBM Regressor,0.515924750883591,415.0,,,
749,XGBoost Regressor,0.44332168329571453,279.0,,,
750,XGBoost Regressor,0.44332177708495946,575.0,,,
751,XGBoost Regressor,0.44332177708495946,746.0,,,
752,XGBoost Regressor,0.44332177708495946,738.0,,,
753,XGBoost Regressor,0.44332177708495946,994.0,,,
754,XGBoost Regressor,0.44332177708495946,1314.0,,,
755,XGBoost Regressor,0.44332177708495946,1564.0,,,
756,XGBoost Regressor,0.44332177708495946,1542.0,,,
757,XGBoost Regressor,0.44332177708495946,1834.0,,,
758,XGBoost Regressor,0.44332177708495946,1513.0,,,
759,XGBoost Regressor,0.44332177708495946,1529.0,,,
760,XGBoost Regressor,0.44332177708495946,1500.0,,,
761,XGBoost Regressor,0.44332177708495946,1732.0,,,
762,XGBoost Regressor,0.44332177708495946,1902.0,,,
763,XGBoost Regressor,0.44332177708495946,1619.0,,,
764,XGBoost Regressor,0.44332177708495946,1456.0,,,
765,XGBoost Regressor,0.44332177708495946,1707.0,,,
766,XGBoost Regressor,0.44332177708495946,1658.0,,,
767,XGBoost Regressor,0.44332177708495946,1806.0,,,
768,XGBoost Regressor,0.44332177708495946,1534.0,,,
769,XGBoost Regressor,0.44332177708495946,1886.0,,,
770,XGBoost Regressor,0.44332177708495946,1819.0,,,
771,XGBoost Regressor,0.44332177708495946,1477.0,,,
772,XGBoost Regressor,0.44332177708495946,1523.0,,,
773,XGBoost Regressor,0.44332177708495946,1883.0,,,
774,XGBoost Regressor,0.44332177708495946,1681.0,,,
775,XGBoost Regressor,0.44332177708495946,1309.0,,,
776,XGBoost Regressor,0.44332177708495946,1059.0,,,
777,XGBoost Regressor,0.44332177708495946,1121.0,,,
778,XGBoost Regressor,0.44332177708495946,833.0,,,
779,XGBoost Regressor,0.44332177708495946,611.0,,,
780,XGBoost Regressor,0.44332177708495946,825.0,,,
781,LightGBM Regressor,0.6474648167623654,136.0,,,
782,LightGBM Regressor,0.4976024793291961,526.0,,,
783,LightGBM Regressor,0.6379260407539077,157.0,,,
784,LightGBM Regressor,0.6835967337796643,98.0,,,
785,LightGBM Regressor,0.6679461112767605,112.0,,,
786,LightGBM Regressor,0.5717487301483751,251.0,,,
787,LightGBM Regressor,0.5520590433511652,293.0,,,
788,LightGBM Regressor,0.5171844162365407,408.0,,,
789,LightGBM Regressor,0.4989054325544852,514.0,,,
790,LightGBM Regressor,0.46562905647847863,821.0,,,
791,LightGBM Regressor,0.4607018487517337,1037.0,,,
792,LightGBM Regressor,0.4590728706624119,1377.0,,,
793,LightGBM Regressor,0.45894177456299134,1432.0,,,
794,LightGBM Regressor,0.4590719699790165,1512.0,,,
795,LightGBM Regressor,0.45893422730103123,1515.0,,,
796,LightGBM Regressor,0.4601074336937657,1647.0,,,
797,LightGBM Regressor,0.460032458902925,1682.0,,,
798,LightGBM Regressor,0.45922576998380576,1379.0,,,
799,LightGBM Regressor,0.45934964546457,1548.0,,,
800,LightGBM Regressor,0.459150262243132,1500.0,,,
801,LightGBM Regressor,0.4587230325967457,1336.0,,,
802,LightGBM Regressor,0.4599962148495512,1622.0,,,
803,LightGBM Regressor,0.4625521819849406,1945.0,,,
804,LightGBM Regressor,0.46263879160563653,1911.0,,,
805,LightGBM Regressor,0.4602864942841886,1714.0,,,
806,LightGBM Regressor,0.460192872002585,1717.0,,,
807,LightGBM Regressor,0.46215670947450643,1877.0,,,
808,LightGBM Regressor,0.4600107663617146,1621.0,,,
809,LightGBM Regressor,0.4600673018825758,1707.0,,,
810,XGBoost Regressor,0.44332177708495946,1101.0,,,
811,XGBoost Regressor,0.44332177708495946,1352.0,,,
812,XGBoost Regressor,0.44332177708495946,1613.0,,,
813,MLP Regressor,5.258960911989723,,50.0,32.0,0.003
814,MLP Regressor,4.798860374235513,,130.0,32.0,0.003
815,MLP Regressor,7.633921198762371,,50.0,32.0,0.003
816,MLP Regressor,6.592604860286368,,50.0,32.0,0.003
817,MLP Regressor,4.871645442595037,,70.0,32.0,0.003
818,MLP Regressor,5.093797582024006,,90.0,32.0,0.003
819,MLP Regressor,4.866315600308321,,100.0,32.0,0.003
820,MLP Regressor,4.928861859087954,,100.0,32.0,0.003
821,MLP Regressor,4.765183316847626,,150.0,32.0,0.003
822,MLP Regressor,4.963029369126753,,150.0,32.0,0.003
823,MLP Regressor,4.7198688254703605,,130.0,32.0,0.003
824,MLP Regressor,4.590072469522366,,120.0,32.0,0.003
825,MLP Regressor,4.341176570212438,,120.0,32.0,0.003
826,MLP Regressor,4.636898246279087,,120.0,32.0,0.003
827,MLP Regressor,4.900755011940184,,120.0,32.0,0.003
828,MLP Regressor,5.600310135605779,,50.0,32.0,0.003
829,MLP Regressor,5.059719695558577,,120.0,32.0,0.003
830,MLP Regressor,4.871161730186888,,120.0,32.0,0.003
831,MLP Regressor,4.867771932034755,,120.0,32.0,0.003
832,MLP Regressor,5.079960476275754,,120.0,32.0,0.003
833,FNN Regressor,0.4971060441239404,,220.0,16.0,0.03
834,FNN Regressor,0.49411338743827177,,210.0,16.0,0.03
835,FNN Regressor,0.6127066106863487,,210.0,32.0,0.03
836,FNN Regressor,0.5197711113059149,,290.0,32.0,0.03
837,FNN Regressor,0.5489537003744062,,290.0,32.0,0.01
838,FNN Regressor,0.5355835394566772,,330.0,32.0,0.01
839,FNN Regressor,0.7170965055440777,,330.0,16.0,0.01
840,FNN Regressor,0.49367357290412167,,330.0,16.0,0.03
841,FNN Regressor,0.5452004048495173,,330.0,16.0,0.03
842,FNN Regressor,0.507505735486128,,300.0,16.0,0.03
843,FNN Regressor,0.5648296174525248,,300.0,16.0,0.01
844,FNN Regressor,0.6409875310163156,,300.0,16.0,0.01
845,FNN Regressor,0.6244352786841876,,300.0,16.0,0.01
846,FNN Regressor,0.49700019674714807,,300.0,16.0,0.03
847,FNN Regressor,0.5306108282864717,,300.0,32.0,0.03
848,FNN Regressor,0.6755504969994802,,300.0,16.0,0.03
849,FNN Regressor,0.47499060916033026,,270.0,16.0,0.03
850,FNN Regressor,0.49533426691320415,,270.0,16.0,0.03
851,FNN Regressor,0.5507815674142739,,350.0,16.0,0.03
852,FNN Regressor,0.5259217705096897,,350.0,16.0,0.03
853,FNN Regressor,0.5277341864430565,,410.0,16.0,0.03
854,FNN Regressor,0.818342231373881,,410.0,16.0,0.03
855,FNN Regressor,0.5678551755741306,,410.0,16.0,0.01
856,FNN Regressor,0.6126126463756493,,410.0,32.0,0.01
857,FNN Regressor,0.5873112830866696,,330.0,32.0,0.01
858,FNN Regressor,0.5459709941668887,,330.0,32.0,0.01
859,FNN Regressor,0.5842018826569423,,330.0,32.0,0.003
860,FNN Regressor,0.6077578865382981,,330.0,32.0,0.003
861,FNN Regressor,0.6198064831423583,,330.0,64.0,0.003
862,FNN Regressor,0.6003506846502664,,330.0,128.0,0.003
863,FNN Regressor,0.5843244130181688,,320.0,128.0,0.003
864,FNN Regressor,7.692787498199814,,320.0,128.0,0.001
865,FNN Regressor,5.749773181228719,,380.0,128.0,0.001
866,FNN Regressor,5.199916499603878,,380.0,256.0,0.001
867,FNN Regressor,4.775708545033906,,380.0,128.0,0.001
868,FNN Regressor,6.582876536096946,,350.0,128.0,0.001
869,FNN Regressor,5.617582283612232,,350.0,128.0,0.001
870,LightGBM Regressor,0.4588493769912862,1466.0,,,
871,LightGBM Regressor,0.4602837061975586,1727.0,,,
872,XGBoost Regressor,0.44332177708495946,1703.0,,,
873,XGBoost Regressor,0.44332177708495946,1378.0,,,
874,XGBoost Regressor,0.44332177708495946,1630.0,,,
875,XGBoost Regressor,0.44332177708495946,1516.0,,,
876,XGBoost Regressor,0.44332177708495946,1343.0,,,
877,XGBoost Regressor,0.44332177708495946,1068.0,,,
878,XGBoost Regressor,0.44332177708495946,1333.0,,,
879,XGBoost Regressor,0.44332177708495946,1673.0,,,
880,XGBoost Regressor,0.44332177708495946,1646.0,,,
881,XGBoost Regressor,0.44332177708495946,1520.0,,,
882,XGBoost Regressor,0.44332177708495946,1473.0,,,
883,XGBoost Regressor,0.44332177708495946,1715.0,,,
884,XGBoost Regressor,0.44332177708495946,1436.0,,,
885,XGBoost Regressor,0.44332177708495946,1540.0,,,
886,XGBoost Regressor,0.44332177708495946,1834.0,,,
887,XGBoost Regressor,0.44332177708495946,1713.0,,,
888,XGBoost Regressor,0.44332177708495946,1520.0,,,
889,XGBoost Regressor,0.44332177708495946,1561.0,,,
890,XGBoost Regressor,0.44332177708495946,1630.0,,,
891,XGBoost Regressor,0.44332177708495946,1665.0,,,
892,XGBoost Regressor,0.44332177708495946,1316.0,,,
893,XGBoost Regressor,0.44332177708495946,1611.0,,,
894,XGBoost Regressor,0.44332177708495946,1453.0,,,
895,XGBoost Regressor,0.44332177708495946,1726.0,,,
896,XGBoost Regressor,0.44332177708495946,1802.0,,,
897,XGBoost Regressor,0.44332177708495946,1705.0,,,
898,XGBoost Regressor,0.44332177708495946,1696.0,,,
899,XGBoost Regressor,0.44332177708495946,1587.0,,,
900,XGBoost Regressor,0.44332177708495946,1731.0,,,
901,XGBoost Regressor,0.44332177708495946,1783.0,,,
902,XGBoost Regressor,0.44332177708495946,1760.0,,,
903,XGBoost Regressor,0.44332177708495946,1705.0,,,
904,XGBoost Regressor,0.44332177708495946,1963.0,,,
905,XGBoost Regressor,0.44332177708495946,1649.0,,,
906,XGBoost Regressor,0.44332177708495946,1514.0,,,
907,XGBoost Regressor,0.44332177708495946,1675.0,,,
908,XGBoost Regressor,0.44332177708495946,1712.0,,,
909,XGBoost Regressor,0.44332177708495946,1406.0,,,
910,XGBoost Regressor,0.44332177708495946,1437.0,,,
911,XGBoost Regressor,0.44332177708495946,1187.0,,,
912,XGBoost Regressor,0.44332177708495946,1549.0,,,
913,XGBoost Regressor,0.44332177708495946,1308.0,,,
914,XGBoost Regressor,0.44332177708495946,1409.0,,,
915,XGBoost Regressor,0.44332177708495946,1052.0,,,
916,XGBoost Regressor,0.44332177708495946,946.0,,,
917,XGBoost Regressor,0.44332177708495946,913.0,,,
918,XGBoost Regressor,0.44332177708495946,1259.0,,,
919,XGBoost Regressor,0.44332177708495946,1382.0,,,
920,XGBoost Regressor,0.44332177708495946,1443.0,,,
921,XGBoost Regressor,0.44332177708495946,1325.0,,,
922,XGBoost Regressor,0.44332177708495946,1432.0,,,
923,XGBoost Regressor,0.44332177708495946,1486.0,,,
924,XGBoost Regressor,0.44332177708495946,1673.0,,,
925,XGBoost Regressor,0.44332177708495946,1587.0,,,
926,LightGBM Regressor,0.46022193369770587,1662.0,,,
927,LightGBM Regressor,0.4593909486089739,1393.0,,,
928,LightGBM Regressor,0.45874576408369744,1238.0,,,
929,LightGBM Regressor,0.4631486983532367,928.0,,,
930,LightGBM Regressor,0.46584182203498387,830.0,,,
931,LightGBM Regressor,0.45870410532780215,1119.0,,,
932,LightGBM Regressor,0.45841740426335653,1138.0,,,
933,LightGBM Regressor,0.46552306115722686,839.0,,,
934,LightGBM Regressor,0.5019099877576522,506.0,,,
935,LightGBM Regressor,0.6458221475312416,141.0,,,
936,LightGBM Regressor,0.6124133037406314,193.0,,,
937,LightGBM Regressor,0.5823631981948241,221.0,,,
938,LightGBM Regressor,0.579557040514023,230.0,,,
939,LightGBM Regressor,0.6460675429590396,140.0,,,
940,LightGBM Regressor,0.5296496987044247,348.0,,,
941,LightGBM Regressor,0.5153956768422988,417.0,,,
942,LightGBM Regressor,0.6947509887459248,92.0,,,
943,LightGBM Regressor,0.5270411238971058,357.0,,,
944,LightGBM Regressor,0.5458483490194695,302.0,,,
945,LightGBM Regressor,0.5127724965558956,432.0,,,
946,LightGBM Regressor,0.6001320988943251,204.0,,,
947,LightGBM Regressor,0.49283874228921065,552.0,,,
948,LightGBM Regressor,0.4667863177794522,807.0,,,
949,LightGBM Regressor,0.47654271462340886,682.0,,,
950,LightGBM Regressor,0.4702536165413148,754.0,,,
951,LightGBM Regressor,0.5253294092810499,368.0,,,
952,LightGBM Regressor,0.5370343897548383,331.0,,,
953,LightGBM Regressor,0.6565083855927981,125.0,,,
954,XGBoost Regressor,0.44332177708495946,1843.0,,,
955,XGBoost Regressor,0.44332177708495946,1879.0,,,
956,XGBoost Regressor,0.44332177708495946,1837.0,,,
957,XGBoost Regressor,0.44332177708495946,1646.0,,,
958,XGBoost Regressor,0.44332177708495946,1637.0,,,
959,XGBoost Regressor,0.44332177708495946,1737.0,,,
960,XGBoost Regressor,0.44332177708495946,1421.0,,,
961,XGBoost Regressor,0.44332177708495946,1060.0,,,
962,XGBoost Regressor,0.44332177708495946,1165.0,,,
963,XGBoost Regressor,0.44332177708495946,1335.0,,,
964,XGBoost Regressor,0.44332177708495946,1060.0,,,
965,XGBoost Regressor,0.44332177708495946,1198.0,,,
966,XGBoost Regressor,0.44332177708495946,1263.0,,,
967,XGBoost Regressor,0.44332177708495946,1405.0,,,
968,XGBoost Regressor,0.44332177708495946,1284.0,,,
969,XGBoost Regressor,0.44332177708495946,1177.0,,,
970,XGBoost Regressor,0.44332177708495946,1182.0,,,
971,XGBoost Regressor,0.44332177708495946,1569.0,,,
972,XGBoost Regressor,0.44332177708495946,1887.0,,,
973,XGBoost Regressor,0.44332177708495946,1681.0,,,
974,XGBoost Regressor,0.44332177708495946,1817.0,,,
975,XGBoost Regressor,0.44332177708495946,1748.0,,,
976,XGBoost Regressor,0.44332177708495946,1476.0,,,
977,XGBoost Regressor,0.44332177708495946,1464.0,,,
978,XGBoost Regressor,0.44332177708495946,1613.0,,,
979,XGBoost Regressor,0.44332177708495946,1847.0,,,
980,XGBoost Regressor,0.44332177708495946,1697.0,,,
981,XGBoost Regressor,0.44332177708495946,1747.0,,,
982,XGBoost Regressor,0.44332177708495946,1633.0,,,
983,XGBoost Regressor,0.44332177708495946,1571.0,,,
984,XGBoost Regressor,0.44332177708495946,1323.0,,,
985,XGBoost Regressor,0.44332177708495946,1423.0,,,
986,XGBoost Regressor,0.44332177708495946,1309.0,,,
987,XGBoost Regressor,0.44332177708495946,1506.0,,,
988,XGBoost Regressor,0.44332177708495946,1519.0,,,
989,XGBoost Regressor,0.44332177708495946,1421.0,,,
990,XGBoost Regressor,0.44332177708495946,1228.0,,,
991,XGBoost Regressor,0.44332177708495946,885.0,,,
992,XGBoost Regressor,0.44332177708495946,1079.0,,,
993,XGBoost Regressor,0.44332177708495946,1227.0,,,
994,XGBoost Regressor,0.44332177708495946,876.0,,,
995,XGBoost Regressor,0.44332177708495946,658.0,,,
996,XGBoost Regressor,0.44332177708495946,616.0,,,
997,XGBoost Regressor,0.44332177708495946,434.0,,,
998,XGBoost Regressor,0.44336882498974484,193.0,,,
999,XGBoost Regressor,0.4355826749116448,81.0,,,
1000,XGBoost Regressor,0.44332177708495946,414.0,,,
1001,XGBoost Regressor,0.44322225535593646,246.0,,,
1002,XGBoost Regressor,0.44332177394140543,347.0,,,
1003,XGBoost Regressor,0.44332177708495946,614.0,,,
1004,XGBoost Regressor,0.44332177708495946,584.0,,,
1005,XGBoost Regressor,0.4433217312750204,315.0,,,
1006,XGBoost Regressor,0.44332177708495946,355.0,,,
1007,XGBoost Regressor,0.44332177708495946,393.0,,,
1008,XGBoost Regressor,0.4434752992720406,227.0,,,
1009,XGBoost Regressor,0.44332177708495946,387.0,,,
1010,XGBoost Regressor,0.44331180831915984,257.0,,,
1011,XGBoost Regressor,0.44332174632021043,278.0,,,
1012,XGBoost Regressor,0.44332177708495946,436.0,,,
1013,XGBoost Regressor,0.44332177708495946,480.0,,,
1014,XGBoost Regressor,0.443321752606082,331.0,,,
1015,XGBoost Regressor,0.44332177708495946,491.0,,,
1016,XGBoost Regressor,0.44332177708495946,744.0,,,
1017,XGBoost Regressor,0.44332177708495946,461.0,,,
1018,XGBoost Regressor,0.44332177708495946,717.0,,,
1019,XGBoost Regressor,0.44332177708495946,546.0,,,
1020,XGBoost Regressor,0.44329904309234475,238.0,,,
1021,XGBoost Regressor,0.4428464839470183,162.0,,,
1022,LightGBM Regressor,0.6989863527146271,87.0,,,
1023,LightGBM Regressor,0.6976558087574742,88.0,,,
1024,LightGBM Regressor,0.5401300205060247,325.0,,,
1025,LightGBM Regressor,0.49052660632005457,567.0,,,
1026,LightGBM Regressor,0.5811039583100133,232.0,,,
1027,LightGBM Regressor,0.6859042316306928,96.0,,,
1028,LightGBM Regressor,0.509994481887402,449.0,,,
1029,LightGBM Regressor,0.49548499471515206,537.0,,,
1030,LightGBM Regressor,0.5428718578315971,317.0,,,
1031,LightGBM Regressor,0.4809208921722353,641.0,,,
1032,LightGBM Regressor,0.5520590433511652,293.0,,,
1033,LightGBM Regressor,0.49548499471515206,537.0,,,
1034,LightGBM Regressor,0.4770007804648042,675.0,,,
1035,FNN Regressor,0.6496741666520323,,350.0,128.0,0.003
1036,FNN Regressor,0.6823157460257763,,390.0,128.0,0.003
1037,FNN Regressor,0.5561795933244851,,390.0,256.0,0.003
1038,FNN Regressor,0.6100095325936864,,390.0,128.0,0.003
1039,FNN Regressor,0.6786666571875607,,300.0,128.0,0.003
1040,FNN Regressor,0.5684457101104671,,300.0,128.0,0.003
1041,FNN Regressor,0.8974049424928712,,300.0,256.0,0.003
1042,FNN Regressor,0.6214666723957027,,320.0,256.0,0.003
1043,FNN Regressor,0.5676730447739455,,320.0,256.0,0.003
1044,FNN Regressor,0.6231569248523476,,320.0,256.0,0.003
1045,FNN Regressor,0.5584559456080596,,340.0,256.0,0.003
1046,FNN Regressor,0.6059290643534846,,280.0,256.0,0.003
1047,FNN Regressor,0.7931977793519266,,280.0,256.0,0.003
1048,FNN Regressor,0.6826884002997592,,360.0,256.0,0.003
1049,FNN Regressor,0.6373335171232455,,360.0,128.0,0.003
1050,FNN Regressor,0.5907706605329948,,290.0,128.0,0.003
1051,FNN Regressor,0.6630034947805402,,290.0,64.0,0.003
1052,FNN Regressor,0.9565528138042265,,320.0,64.0,0.003
1053,XGBoost Regressor,0.44332177708495946,432.0,,,
1054,XGBoost Regressor,0.44332177708495946,550.0,,,
1055,XGBoost Regressor,0.44332177708495946,536.0,,,
1056,XGBoost Regressor,0.44353209814737204,206.0,,,
1057,XGBoost Regressor,0.4433216952885182,288.0,,,
1058,XGBoost Regressor,0.44332177708495946,532.0,,,
1059,XGBoost Regressor,0.44332177708495946,401.0,,,
1060,XGBoost Regressor,0.44332177708495946,435.0,,,
1061,XGBoost Regressor,0.4433217459396674,326.0,,,
1062,XGBoost Regressor,0.44332177708495946,419.0,,,
1063,XGBoost Regressor,0.44332177708495946,733.0,,,
1064,XGBoost Regressor,0.44332177708495946,754.0,,,
1065,XGBoost Regressor,0.44332177708495946,439.0,,,
1066,XGBoost Regressor,0.44332177708495946,580.0,,,
1067,XGBoost Regressor,0.44332177708495946,452.0,,,
1068,XGBoost Regressor,0.44332177708495946,765.0,,,
1069,XGBoost Regressor,0.44332177708495946,586.0,,,
1070,XGBoost Regressor,0.44332177708495946,525.0,,,
1071,XGBoost Regressor,0.44332177708495946,524.0,,,
1072,XGBoost Regressor,0.4433217046171868,295.0,,,
1073,XGBoost Regressor,0.43963408331485454,103.0,,,
1074,XGBoost Regressor,0.44214414005958225,138.0,,,
1075,XGBoost Regressor,0.443326451720075,270.0,,,
1076,XGBoost Regressor,0.44332177708495946,588.0,,,
1077,XGBoost Regressor,0.44332177708495946,544.0,,,
1078,XGBoost Regressor,0.44332168329571453,279.0,,,
1079,XGBoost Regressor,0.4359985543024129,78.0,,,
1080,XGBoost Regressor,0.4433217126138377,301.0,,,
1081,XGBoost Regressor,0.44332177708495946,518.0,,,
1082,XGBoost Regressor,0.44332177708495946,731.0,,,
1083,XGBoost Regressor,0.44332177708495946,938.0,,,
1084,XGBoost Regressor,0.44332177708495946,1139.0,,,
1085,XGBoost Regressor,0.44332177708495946,967.0,,,
1086,XGBoost Regressor,0.44332177708495946,1306.0,,,
1087,XGBoost Regressor,0.44332177708495946,1503.0,,,
1088,XGBoost Regressor,0.44332177708495946,1576.0,,,
1089,XGBoost Regressor,0.44332177708495946,1351.0,,,
1090,XGBoost Regressor,0.44332177708495946,1535.0,,,
1091,XGBoost Regressor,0.44332177708495946,1830.0,,,
1092,XGBoost Regressor,0.44332177708495946,1551.0,,,
1093,XGBoost Regressor,0.44332177708495946,1738.0,,,
1094,XGBoost Regressor,0.44332177708495946,1664.0,,,
1095,XGBoost Regressor,0.44332177708495946,1474.0,,,
1096,XGBoost Regressor,0.44332177708495946,1294.0,,,
1097,XGBoost Regressor,0.44332177708495946,1214.0,,,
1098,XGBoost Regressor,0.44332177708495946,1066.0,,,
1099,XGBoost Regressor,0.44332177708495946,1110.0,,,
1100,XGBoost Regressor,0.44332177708495946,1040.0,,,
1101,XGBoost Regressor,0.44332177708495946,1149.0,,,
1102,XGBoost Regressor,0.44332177708495946,1073.0,,,
1103,XGBoost Regressor,0.44332177708495946,1211.0,,,
1104,XGBoost Regressor,0.44332177708495946,830.0,,,
1105,XGBoost Regressor,0.44332177708495946,660.0,,,
1106,XGBoost Regressor,0.44332177708495946,465.0,,,
1107,XGBoost Regressor,0.44332177708495946,489.0,,,
1108,XGBoost Regressor,0.44332177708495946,610.0,,,
1109,XGBoost Regressor,0.44332177708495946,406.0,,,
1110,XGBoost Regressor,0.44332177708495946,648.0,,,
1111,XGBoost Regressor,0.44332177708495946,804.0,,,
1112,XGBoost Regressor,0.44332177708495946,511.0,,,
1113,XGBoost Regressor,0.4433535052317848,190.0,,,
1114,XGBoost Regressor,0.44349141629250904,224.0,,,
1115,XGBoost Regressor,0.4433168909730785,273.0,,,
1116,XGBoost Regressor,0.44332177708495946,540.0,,,
1117,XGBoost Regressor,0.44332177708495946,489.0,,,
1118,XGBoost Regressor,0.44332177708495946,565.0,,,
1119,XGBoost Regressor,0.443321752606082,331.0,,,
1120,XGBoost Regressor,0.44332177708495946,423.0,,,
1121,XGBoost Regressor,0.44332177708495946,767.0,,,
1122,XGBoost Regressor,0.44332177708495946,697.0,,,
1123,XGBoost Regressor,0.44332177708495946,1069.0,,,
1124,XGBoost Regressor,0.44332177708495946,1083.0,,,
1125,XGBoost Regressor,0.44332177708495946,985.0,,,
1126,XGBoost Regressor,0.44332177708495946,1007.0,,,
1127,XGBoost Regressor,0.44332177708495946,1247.0,,,
1128,XGBoost Regressor,0.44332177708495946,1271.0,,,
1129,XGBoost Regressor,0.44332177708495946,1210.0,,,
1130,FNN Regressor,0.5742734495599443,,400.0,64.0,0.003
1131,FNN Regressor,0.7280131853013722,,400.0,128.0,0.003
1132,FNN Regressor,0.6807809371528054,,320.0,128.0,0.003
1133,FNN Regressor,0.6053838686379659,,340.0,128.0,0.003
1134,FNN Regressor,0.600138047007189,,330.0,128.0,0.003
1135,XGBoost Regressor,0.44332177708495946,1374.0,,,
1136,XGBoost Regressor,0.44332177708495946,1071.0,,,
1137,XGBoost Regressor,0.44332177708495946,811.0,,,
1138,XGBoost Regressor,0.44332177708495946,611.0,,,
1139,XGBoost Regressor,0.44332177708495946,681.0,,,
1140,XGBoost Regressor,0.44332177708495946,839.0,,,
1141,XGBoost Regressor,0.44332177708495946,983.0,,,
1142,XGBoost Regressor,0.44332177708495946,1252.0,,,
1143,XGBoost Regressor,0.44332177708495946,1452.0,,,
1144,XGBoost Regressor,0.44332177708495946,1330.0,,,
1145,XGBoost Regressor,0.44332177708495946,1234.0,,,
1146,XGBoost Regressor,0.44332177708495946,1131.0,,,
1147,XGBoost Regressor,0.44332177708495946,1519.0,,,
1148,XGBoost Regressor,0.44332177708495946,1272.0,,,
1149,XGBoost Regressor,0.44332177708495946,1517.0,,,
1150,XGBoost Regressor,0.44332177708495946,1753.0,,,
1151,XGBoost Regressor,0.44332177708495946,1815.0,,,
1152,XGBoost Regressor,0.44332177708495946,1619.0,,,
1153,XGBoost Regressor,0.44332177708495946,1334.0,,,
1154,XGBoost Regressor,0.44332177708495946,1198.0,,,
1155,LightGBM Regressor,0.4676362341049846,783.0,,,
1156,LightGBM Regressor,0.4587114573477945,1158.0,,,
1157,LightGBM Regressor,0.46515304231165105,848.0,,,
1158,LightGBM Regressor,0.46600753441488296,826.0,,,
1159,LightGBM Regressor,0.4675086705605375,790.0,,,
1160,LightGBM Regressor,0.4616415769833382,1007.0,,,
1161,LightGBM Regressor,0.4592665824883672,1374.0,,,
1162,LightGBM Regressor,0.45865597046537887,1248.0,,,
1163,LightGBM Regressor,0.4589407623003253,1448.0,,,
1164,LightGBM Regressor,0.4603159740750486,1059.0,,,
1165,LightGBM Regressor,0.4627008636697006,974.0,,,
1166,LightGBM Regressor,0.458849079577011,1222.0,,,
1167,LightGBM Regressor,0.45966930577445286,1579.0,,,
1168,LightGBM Regressor,0.46052493853463894,1733.0,,,
1169,LightGBM Regressor,0.45898687560478774,1440.0,,,
1170,LightGBM Regressor,0.45877687126007294,1132.0,,,
1171,LightGBM Regressor,0.45876152865643344,1319.0,,,
1172,LightGBM Regressor,0.4585450823372725,1234.0,,,
1173,FNN Regressor,0.7683779419900186,,300.0,128.0,0.003
1174,FNN Regressor,0.9021448552161484,,300.0,128.0,0.003
1175,FNN Regressor,0.5983526816809932,,340.0,128.0,0.003
1176,FNN Regressor,0.671577173308877,,320.0,128.0,0.003
1177,FNN Regressor,0.6516619485460058,,320.0,256.0,0.003
1178,LightGBM Regressor,0.4591060637558396,1414.0,,,
1179,LightGBM Regressor,0.46026924261678454,1726.0,,,
1180,LightGBM Regressor,0.4598034152313465,1609.0,,,
1181,LightGBM Regressor,0.46257666499926575,1938.0,,,
1182,LightGBM Regressor,0.4601094164231089,1653.0,,,
1183,LightGBM Regressor,0.4586885003665297,1344.0,,,
1184,LightGBM Regressor,0.4587526586531046,1330.0,,,
1185,LightGBM Regressor,0.45900341941980355,1104.0,,,
1186,LightGBM Regressor,0.4702536165413148,754.0,,,
1187,LightGBM Regressor,0.47823974783480044,664.0,,,
1188,LightGBM Regressor,0.46763168910118097,787.0,,,
1189,LightGBM Regressor,0.4657804983451093,819.0,,,
1190,LightGBM Regressor,0.4778973737859326,667.0,,,
1191,LightGBM Regressor,0.5200112821770811,391.0,,,
1192,LightGBM Regressor,0.6948076585894599,90.0,,,
1193,LightGBM Regressor,0.6564381310494551,124.0,,,
1194,LightGBM Regressor,0.537594855101229,330.0,,,
1195,LightGBM Regressor,0.7020897198601032,81.0,,,
1196,LightGBM Regressor,0.5530268553276669,289.0,,,
1197,LightGBM Regressor,0.571871120332277,252.0,,,
1198,LightGBM Regressor,0.5101452069852658,452.0,,,
1199,LightGBM Regressor,0.7361520664412948,64.0,,,
1200,LightGBM Regressor,0.5832287564530921,220.0,,,
1201,LightGBM Regressor,0.5269553507314557,360.0,,,
1202,LightGBM Regressor,0.4809208921722353,641.0,,,
1203,XGBoost Regressor,0.44332177708495946,1140.0,,,
1204,XGBoost Regressor,0.44332177708495946,1028.0,,,
1205,XGBoost Regressor,0.44332177708495946,1166.0,,,
1206,XGBoost Regressor,0.44332177708495946,822.0,,,
1207,XGBoost Regressor,0.44332177708495946,525.0,,,
1208,XGBoost Regressor,0.4433217046171868,295.0,,,
1209,XGBoost Regressor,0.4404540147009967,128.0,,,
1210,LightGBM Regressor,0.49439128163847706,545.0,,,
1211,LightGBM Regressor,0.5256168258182581,366.0,,,
1212,LightGBM Regressor,0.472217211836905,728.0,,,
1213,LightGBM Regressor,0.473053355225162,718.0,,,
1214,LightGBM Regressor,0.481105551469055,639.0,,,
1215,LightGBM Regressor,0.5171844162365407,408.0,,,
1216,LightGBM Regressor,0.47627287219461023,683.0,,,
1217,LightGBM Regressor,0.46958950867382016,761.0,,,
1218,LightGBM Regressor,0.46309264126825833,925.0,,,
1219,LightGBM Regressor,0.46571478965580254,834.0,,,
1220,LightGBM Regressor,0.46596669855241796,815.0,,,
1221,LightGBM Regressor,0.4681129607408179,773.0,,,
1222,LightGBM Regressor,0.4602275607304924,1050.0,,,
1223,LightGBM Regressor,0.46016828770480206,1090.0,,,
1224,LightGBM Regressor,0.46343160694823443,943.0,,,
1225,LightGBM Regressor,0.45905474333949714,1103.0,,,
1226,LightGBM Regressor,0.45976323893332277,1094.0,,,
1227,XGBoost Regressor,0.44332177708495946,392.0,,,
1228,XGBoost Regressor,0.4426745818457905,145.0,,,
1229,XGBoost Regressor,0.43798639969719766,61.0,,,
1230,XGBoost Regressor,0.43711933107585804,63.0,,,
1231,XGBoost Regressor,0.44332177708495946,441.0,,,
1232,XGBoost Regressor,0.43878582099125124,101.0,,,
1233,XGBoost Regressor,0.44332177708495946,454.0,,,
1234,XGBoost Regressor,0.44332177708495946,748.0,,,
1235,XGBoost Regressor,0.44332177708495946,506.0,,,
1236,XGBoost Regressor,0.4432325151762031,252.0,,,
1237,XGBoost Regressor,0.43999420092677755,116.0,,,
1238,XGBoost Regressor,0.44332177527500466,348.0,,,
1239,XGBoost Regressor,0.44332177708495946,640.0,,,
1240,XGBoost Regressor,0.44332177708495946,817.0,,,
1241,XGBoost Regressor,0.44332177708495946,956.0,,,
1242,XGBoost Regressor,0.44332177708495946,1176.0,,,
1243,XGBoost Regressor,0.44332177708495946,1043.0,,,
1244,XGBoost Regressor,0.44332177708495946,845.0,,,
1245,XGBoost Regressor,0.44332177708495946,1070.0,,,
1246,XGBoost Regressor,0.44332177708495946,753.0,,,
1247,XGBoost Regressor,0.44332177708495946,612.0,,,
1248,XGBoost Regressor,0.44332177708495946,508.0,,,
1249,FNN Regressor,0.5365349233156306,,320.0,256.0,0.01
1250,FNN Regressor,0.7534002572160349,,320.0,256.0,0.03
1251,FNN Regressor,0.5797753780452386,,320.0,256.0,0.01
1252,FNN Regressor,0.5542497202426573,,290.0,256.0,0.01
1253,FNN Regressor,0.512681119599239,,290.0,256.0,0.03
1254,FNN Regressor,0.5553552600788758,,290.0,256.0,0.01
1255,FNN Regressor,0.591046853497084,,290.0,128.0,0.01
1256,FNN Regressor,0.7280491982362048,,260.0,128.0,0.01
