0,1,2,3,4,5,6,7,8
560.0,0.69,735.0,294.0,220.5,3.5,2.0,0.4,1.0
269.0,0.71,710.5,269.5,220.5,3.5,3.0,0.1,5.0
319.0,0.71,710.5,269.5,220.5,3.5,5.0,0.25,1.0
634.0,0.86,588.0,294.0,147.0,7.0,4.0,0.4,3.0
700.0,0.71,710.5,269.5,220.5,3.5,2.0,0.4,4.0
534.0,0.9,563.5,318.5,122.5,7.0,4.0,0.4,1.0
310.0,0.76,661.5,416.5,122.5,7.0,4.0,0.25,1.0
499.0,0.79,637.0,343.0,147.0,7.0,5.0,0.25,5.0
636.0,0.82,612.5,318.5,147.0,7.0,2.0,0.4,3.0
83.0,0.69,735.0,294.0,220.5,3.5,5.0,0.1,1.0
251.0,0.86,588.0,294.0,147.0,7.0,5.0,0.1,5.0
585.0,0.86,588.0,294.0,147.0,7.0,3.0,0.4,2.0
420.0,0.66,759.5,318.5,220.5,3.5,2.0,0.25,3.0
447.0,0.82,612.5,318.5,147.0,7.0,5.0,0.25,4.0
580.0,0.9,563.5,318.5,122.5,7.0,2.0,0.4,2.0
84.0,0.66,759.5,318.5,220.5,3.5,2.0,0.1,1.0
338.0,0.98,514.5,294.0,110.25,7.0,4.0,0.25,2.0
472.0,0.64,784.0,343.0,220.5,3.5,2.0,0.25,4.0
632.0,0.86,588.0,294.0,147.0,7.0,2.0,0.4,3.0
460.0,0.71,710.5,269.5,220.5,3.5,2.0,0.25,4.0
368.0,0.69,735.0,294.0,220.5,3.5,2.0,0.25,2.0
33.0,0.69,735.0,294.0,220.5,3.5,3.0,0.0,0.0
106.0,0.86,588.0,294.0,147.0,7.0,4.0,0.1,2.0
199.0,0.9,563.5,318.5,122.5,7.0,5.0,0.1,4.0
674.0,0.98,514.5,294.0,110.25,7.0,4.0,0.4,4.0
80.0,0.69,735.0,294.0,220.5,3.5,2.0,0.1,1.0
364.0,0.71,710.5,269.5,220.5,3.5,2.0,0.25,2.0
516.0,0.66,759.5,318.5,220.5,3.5,2.0,0.25,5.0
520.0,0.64,784.0,343.0,220.5,3.5,2.0,0.25,5.0
599.0,0.76,661.5,416.5,122.5,7.0,5.0,0.4,2.0
434.0,0.98,514.5,294.0,110.25,7.0,4.0,0.25,4.0
515.0,0.69,735.0,294.0,220.5,3.5,5.0,0.25,5.0
575.0,0.62,808.5,367.5,220.5,3.5,5.0,0.4,1.0
163.0,0.79,637.0,343.0,147.0,7.0,5.0,0.1,3.0
746.0,0.74,686.0,245.0,220.5,3.5,4.0,0.4,5.0
672.0,0.98,514.5,294.0,110.25,7.0,2.0,0.4,4.0
13.0,0.82,612.5,318.5,147.0,7.0,3.0,0.0,0.0
498.0,0.79,637.0,343.0,147.0,7.0,4.0,0.25,5.0
7.0,0.9,563.5,318.5,122.5,7.0,5.0,0.0,0.0
239.0,0.62,808.5,367.5,220.5,3.5,5.0,0.1,4.0
684.0,0.82,612.5,318.5,147.0,7.0,2.0,0.4,4.0
31.0,0.71,710.5,269.5,220.5,3.5,5.0,0.0,0.0
728.0,0.86,588.0,294.0,147.0,7.0,2.0,0.4,5.0
409.0,0.74,686.0,245.0,220.5,3.5,3.0,0.25,3.0
278.0,0.66,759.5,318.5,220.5,3.5,4.0,0.1,5.0
335.0,0.62,808.5,367.5,220.5,3.5,5.0,0.25,1.0
399.0,0.82,612.5,318.5,147.0,7.0,5.0,0.25,3.0
317.0,0.71,710.5,269.5,220.5,3.5,3.0,0.25,1.0
559.0,0.71,710.5,269.5,220.5,3.5,5.0,0.4,1.0
436.0,0.9,563.5,318.5,122.5,7.0,2.0,0.25,4.0
359.0,0.76,661.5,416.5,122.5,7.0,5.0,0.25,2.0
437.0,0.9,563.5,318.5,122.5,7.0,3.0,0.25,4.0
158.0,0.82,612.5,318.5,147.0,7.0,4.0,0.1,3.0
459.0,0.74,686.0,245.0,220.5,3.5,5.0,0.25,4.0
465.0,0.69,735.0,294.0,220.5,3.5,3.0,0.25,4.0
103.0,0.9,563.5,318.5,122.5,7.0,5.0,0.1,2.0
725.0,0.9,563.5,318.5,122.5,7.0,3.0,0.4,5.0
94.0,0.62,808.5,367.5,220.5,3.5,4.0,0.1,1.0
38.0,0.66,759.5,318.5,220.5,3.5,4.0,0.0,0.0
676.0,0.9,563.5,318.5,122.5,7.0,2.0,0.4,4.0
650.0,0.74,686.0,245.0,220.5,3.5,4.0,0.4,3.0
597.0,0.76,661.5,416.5,122.5,7.0,3.0,0.4,2.0
401.0,0.79,637.0,343.0,147.0,7.0,3.0,0.25,3.0
168.0,0.74,686.0,245.0,220.5,3.5,2.0,0.1,3.0
707.0,0.69,735.0,294.0,220.5,3.5,5.0,0.4,4.0
181.0,0.66,759.5,318.5,220.5,3.5,3.0,0.1,3.0
456.0,0.74,686.0,245.0,220.5,3.5,2.0,0.25,4.0
227.0,0.69,735.0,294.0,220.5,3.5,5.0,0.1,4.0
136.0,0.64,784.0,343.0,220.5,3.5,2.0,0.1,2.0
590.0,0.82,612.5,318.5,147.0,7.0,4.0,0.4,2.0
719.0,0.62,808.5,367.5,220.5,3.5,5.0,0.4,4.0
620.0,0.62,808.5,367.5,220.5,3.5,2.0,0.4,2.0
578.0,0.98,514.5,294.0,110.25,7.0,4.0,0.4,2.0
617.0,0.64,784.0,343.0,220.5,3.5,3.0,0.4,2.0
524.0,0.62,808.5,367.5,220.5,3.5,2.0,0.25,5.0
126.0,0.71,710.5,269.5,220.5,3.5,4.0,0.1,2.0
343.0,0.9,563.5,318.5,122.5,7.0,5.0,0.25,2.0
730.0,0.86,588.0,294.0,147.0,7.0,4.0,0.4,5.0
272.0,0.69,735.0,294.0,220.5,3.5,2.0,0.1,5.0
450.0,0.79,637.0,343.0,147.0,7.0,4.0,0.25,4.0
396.0,0.82,612.5,318.5,147.0,7.0,2.0,0.25,3.0
734.0,0.82,612.5,318.5,147.0,7.0,4.0,0.4,5.0
131.0,0.69,735.0,294.0,220.5,3.5,5.0,0.1,2.0
699.0,0.74,686.0,245.0,220.5,3.5,5.0,0.4,4.0
633.0,0.86,588.0,294.0,147.0,7.0,3.0,0.4,3.0
357.0,0.76,661.5,416.5,122.5,7.0,3.0,0.25,2.0
609.0,0.69,735.0,294.0,220.5,3.5,3.0,0.4,2.0
115.0,0.79,637.0,343.0,147.0,7.0,5.0,0.1,2.0
276.0,0.66,759.5,318.5,220.5,3.5,2.0,0.1,5.0
55.0,0.9,563.5,318.5,122.5,7.0,5.0,0.1,1.0
316.0,0.71,710.5,269.5,220.5,3.5,2.0,0.25,1.0
104.0,0.86,588.0,294.0,147.0,7.0,2.0,0.1,2.0
500.0,0.76,661.5,416.5,122.5,7.0,2.0,0.25,5.0
95.0,0.62,808.5,367.5,220.5,3.5,5.0,0.1,1.0
664.0,0.64,784.0,343.0,220.5,3.5,2.0,0.4,3.0
153.0,0.86,588.0,294.0,147.0,7.0,3.0,0.1,3.0
165.0,0.76,661.5,416.5,122.5,7.0,3.0,0.1,3.0
651.0,0.74,686.0,245.0,220.5,3.5,5.0,0.4,3.0
226.0,0.69,735.0,294.0,220.5,3.5,4.0,0.1,4.0
414.0,0.71,710.5,269.5,220.5,3.5,4.0,0.25,3.0
210.0,0.79,637.0,343.0,147.0,7.0,4.0,0.1,4.0
402.0,0.79,637.0,343.0,147.0,7.0,4.0,0.25,3.0
135.0,0.66,759.5,318.5,220.5,3.5,5.0,0.1,2.0
681.0,0.86,588.0,294.0,147.0,7.0,3.0,0.4,4.0
57.0,0.86,588.0,294.0,147.0,7.0,3.0,0.1,1.0
644.0,0.76,661.5,416.5,122.5,7.0,2.0,0.4,3.0
510.0,0.71,710.5,269.5,220.5,3.5,4.0,0.25,5.0
184.0,0.64,784.0,343.0,220.5,3.5,2.0,0.1,3.0
548.0,0.76,661.5,416.5,122.5,7.0,2.0,0.4,1.0
675.0,0.98,514.5,294.0,110.25,7.0,5.0,0.4,4.0
592.0,0.79,637.0,343.0,147.0,7.0,2.0,0.4,2.0
495.0,0.82,612.5,318.5,147.0,7.0,5.0,0.25,5.0
518.0,0.66,759.5,318.5,220.5,3.5,4.0,0.25,5.0
660.0,0.66,759.5,318.5,220.5,3.5,2.0,0.4,3.0
612.0,0.66,759.5,318.5,220.5,3.5,2.0,0.4,2.0
717.0,0.62,808.5,367.5,220.5,3.5,3.0,0.4,4.0
658.0,0.69,735.0,294.0,220.5,3.5,4.0,0.4,3.0
397.0,0.82,612.5,318.5,147.0,7.0,3.0,0.25,3.0
381.0,0.62,808.5,367.5,220.5,3.5,3.0,0.25,2.0
462.0,0.71,710.5,269.5,220.5,3.5,4.0,0.25,4.0
503.0,0.76,661.5,416.5,122.5,7.0,5.0,0.25,5.0
553.0,0.74,686.0,245.0,220.5,3.5,3.0,0.4,1.0
379.0,0.64,784.0,343.0,220.5,3.5,5.0,0.25,2.0
59.0,0.86,588.0,294.0,147.0,7.0,5.0,0.1,1.0
631.0,0.9,563.5,318.5,122.5,7.0,5.0,0.4,3.0
332.0,0.62,808.5,367.5,220.5,3.5,2.0,0.25,1.0
43.0,0.64,784.0,343.0,220.5,3.5,5.0,0.0,0.0
618.0,0.64,784.0,343.0,220.5,3.5,4.0,0.4,2.0
62.0,0.82,612.5,318.5,147.0,7.0,4.0,0.1,1.0
627.0,0.98,514.5,294.0,110.25,7.0,5.0,0.4,3.0
143.0,0.62,808.5,367.5,220.5,3.5,5.0,0.1,2.0
138.0,0.64,784.0,343.0,220.5,3.5,4.0,0.1,2.0
280.0,0.64,784.0,343.0,220.5,3.5,2.0,0.1,5.0
605.0,0.71,710.5,269.5,220.5,3.5,3.0,0.4,2.0
113.0,0.79,637.0,343.0,147.0,7.0,3.0,0.1,2.0
288.0,0.98,514.5,294.0,110.25,7.0,2.0,0.25,1.0
70.0,0.76,661.5,416.5,122.5,7.0,4.0,0.1,1.0
91.0,0.64,784.0,343.0,220.5,3.5,5.0,0.1,1.0
466.0,0.69,735.0,294.0,220.5,3.5,4.0,0.25,4.0
105.0,0.86,588.0,294.0,147.0,7.0,3.0,0.1,2.0
383.0,0.62,808.5,367.5,220.5,3.5,5.0,0.25,2.0
502.0,0.76,661.5,416.5,122.5,7.0,4.0,0.25,5.0
128.0,0.69,735.0,294.0,220.5,3.5,2.0,0.1,2.0
363.0,0.74,686.0,245.0,220.5,3.5,5.0,0.25,2.0
408.0,0.74,686.0,245.0,220.5,3.5,2.0,0.25,3.0
398.0,0.82,612.5,318.5,147.0,7.0,4.0,0.25,3.0
732.0,0.82,612.5,318.5,147.0,7.0,2.0,0.4,5.0
270.0,0.71,710.5,269.5,220.5,3.5,4.0,0.1,5.0
133.0,0.66,759.5,318.5,220.5,3.5,3.0,0.1,2.0
265.0,0.74,686.0,245.0,220.5,3.5,3.0,0.1,5.0
74.0,0.74,686.0,245.0,220.5,3.5,4.0,0.1,1.0
328.0,0.64,784.0,343.0,220.5,3.5,2.0,0.25,1.0
476.0,0.62,808.5,367.5,220.5,3.5,2.0,0.25,4.0
208.0,0.79,637.0,343.0,147.0,7.0,2.0,0.1,4.0
253.0,0.82,612.5,318.5,147.0,7.0,3.0,0.1,5.0
267.0,0.74,686.0,245.0,220.5,3.5,5.0,0.1,5.0
11.0,0.86,588.0,294.0,147.0,7.0,5.0,0.0,0.0
284.0,0.62,808.5,367.5,220.5,3.5,2.0,0.1,5.0
568.0,0.64,784.0,343.0,220.5,3.5,2.0,0.4,1.0
740.0,0.76,661.5,416.5,122.5,7.0,2.0,0.4,5.0
351.0,0.82,612.5,318.5,147.0,7.0,5.0,0.25,2.0
614.0,0.66,759.5,318.5,220.5,3.5,4.0,0.4,2.0
558.0,0.71,710.5,269.5,220.5,3.5,4.0,0.4,1.0
69.0,0.76,661.5,416.5,122.5,7.0,3.0,0.1,1.0
640.0,0.79,637.0,343.0,147.0,7.0,2.0,0.4,3.0
200.0,0.86,588.0,294.0,147.0,7.0,2.0,0.1,4.0
619.0,0.64,784.0,343.0,220.5,3.5,5.0,0.4,2.0
8.0,0.86,588.0,294.0,147.0,7.0,2.0,0.0,0.0
481.0,0.98,514.5,294.0,110.25,7.0,3.0,0.25,5.0
285.0,0.62,808.5,367.5,220.5,3.5,3.0,0.1,5.0
394.0,0.86,588.0,294.0,147.0,7.0,4.0,0.25,3.0
185.0,0.64,784.0,343.0,220.5,3.5,3.0,0.1,3.0
763.0,0.64,784.0,343.0,220.5,3.5,5.0,0.4,5.0
191.0,0.62,808.5,367.5,220.5,3.5,5.0,0.1,3.0
666.0,0.64,784.0,343.0,220.5,3.5,4.0,0.4,3.0
591.0,0.82,612.5,318.5,147.0,7.0,5.0,0.4,2.0
47.0,0.62,808.5,367.5,220.5,3.5,5.0,0.0,0.0
404.0,0.76,661.5,416.5,122.5,7.0,2.0,0.25,3.0
169.0,0.74,686.0,245.0,220.5,3.5,3.0,0.1,3.0
171.0,0.74,686.0,245.0,220.5,3.5,5.0,0.1,3.0
213.0,0.76,661.5,416.5,122.5,7.0,3.0,0.1,4.0
410.0,0.74,686.0,245.0,220.5,3.5,4.0,0.25,3.0
513.0,0.69,735.0,294.0,220.5,3.5,3.0,0.25,5.0
615.0,0.66,759.5,318.5,220.5,3.5,5.0,0.4,2.0
236.0,0.62,808.5,367.5,220.5,3.5,2.0,0.1,4.0
5.0,0.9,563.5,318.5,122.5,7.0,3.0,0.0,0.0
458.0,0.74,686.0,245.0,220.5,3.5,4.0,0.25,4.0
621.0,0.62,808.5,367.5,220.5,3.5,3.0,0.4,2.0
625.0,0.98,514.5,294.0,110.25,7.0,3.0,0.4,3.0
127.0,0.71,710.5,269.5,220.5,3.5,5.0,0.1,2.0
196.0,0.9,563.5,318.5,122.5,7.0,2.0,0.1,4.0
162.0,0.79,637.0,343.0,147.0,7.0,4.0,0.1,3.0
738.0,0.79,637.0,343.0,147.0,7.0,4.0,0.4,5.0
16.0,0.79,637.0,343.0,147.0,7.0,2.0,0.0,0.0
119.0,0.76,661.5,416.5,122.5,7.0,5.0,0.1,2.0
714.0,0.64,784.0,343.0,220.5,3.5,4.0,0.4,4.0
682.0,0.86,588.0,294.0,147.0,7.0,4.0,0.4,4.0
521.0,0.64,784.0,343.0,220.5,3.5,3.0,0.25,5.0
12.0,0.82,612.5,318.5,147.0,7.0,2.0,0.0,0.0
723.0,0.98,514.5,294.0,110.25,7.0,5.0,0.4,5.0
765.0,0.62,808.5,367.5,220.5,3.5,3.0,0.4,5.0
413.0,0.71,710.5,269.5,220.5,3.5,3.0,0.25,3.0
604.0,0.71,710.5,269.5,220.5,3.5,2.0,0.4,2.0
742.0,0.76,661.5,416.5,122.5,7.0,4.0,0.4,5.0
76.0,0.71,710.5,269.5,220.5,3.5,2.0,0.1,1.0
754.0,0.69,735.0,294.0,220.5,3.5,4.0,0.4,5.0
132.0,0.66,759.5,318.5,220.5,3.5,2.0,0.1,2.0
166.0,0.76,661.5,416.5,122.5,7.0,4.0,0.1,3.0
685.0,0.82,612.5,318.5,147.0,7.0,3.0,0.4,4.0
689.0,0.79,637.0,343.0,147.0,7.0,3.0,0.4,4.0
23.0,0.76,661.5,416.5,122.5,7.0,5.0,0.0,0.0
446.0,0.82,612.5,318.5,147.0,7.0,4.0,0.25,4.0
733.0,0.82,612.5,318.5,147.0,7.0,3.0,0.4,5.0
425.0,0.64,784.0,343.0,220.5,3.5,3.0,0.25,3.0
355.0,0.79,637.0,343.0,147.0,7.0,5.0,0.25,2.0
306.0,0.79,637.0,343.0,147.0,7.0,4.0,0.25,1.0
190.0,0.62,808.5,367.5,220.5,3.5,4.0,0.1,3.0
372.0,0.66,759.5,318.5,220.5,3.5,2.0,0.25,2.0
275.0,0.69,735.0,294.0,220.5,3.5,5.0,0.1,5.0
134.0,0.66,759.5,318.5,220.5,3.5,4.0,0.1,2.0
539.0,0.86,588.0,294.0,147.0,7.0,5.0,0.4,1.0
405.0,0.76,661.5,416.5,122.5,7.0,3.0,0.25,3.0
292.0,0.9,563.5,318.5,122.5,7.0,2.0,0.25,1.0
496.0,0.79,637.0,343.0,147.0,7.0,2.0,0.25,5.0
757.0,0.66,759.5,318.5,220.5,3.5,3.0,0.4,5.0
116.0,0.76,661.5,416.5,122.5,7.0,2.0,0.1,2.0
21.0,0.76,661.5,416.5,122.5,7.0,3.0,0.0,0.0
607.0,0.71,710.5,269.5,220.5,3.5,5.0,0.4,2.0
648.0,0.74,686.0,245.0,220.5,3.5,2.0,0.4,3.0
382.0,0.62,808.5,367.5,220.5,3.5,4.0,0.25,2.0
230.0,0.66,759.5,318.5,220.5,3.5,4.0,0.1,4.0
365.0,0.71,710.5,269.5,220.5,3.5,3.0,0.25,2.0
318.0,0.71,710.5,269.5,220.5,3.5,4.0,0.25,1.0
440.0,0.86,588.0,294.0,147.0,7.0,2.0,0.25,4.0
470.0,0.66,759.5,318.5,220.5,3.5,4.0,0.25,4.0
665.0,0.64,784.0,343.0,220.5,3.5,3.0,0.4,3.0
252.0,0.82,612.5,318.5,147.0,7.0,2.0,0.1,5.0
480.0,0.98,514.5,294.0,110.25,7.0,2.0,0.25,5.0
416.0,0.69,735.0,294.0,220.5,3.5,2.0,0.25,3.0
756.0,0.66,759.5,318.5,220.5,3.5,2.0,0.4,5.0
222.0,0.71,710.5,269.5,220.5,3.5,4.0,0.1,4.0
571.0,0.64,784.0,343.0,220.5,3.5,5.0,0.4,1.0
582.0,0.9,563.5,318.5,122.5,7.0,4.0,0.4,2.0
669.0,0.62,808.5,367.5,220.5,3.5,3.0,0.4,3.0
1.0,0.98,514.5,294.0,110.25,7.0,3.0,0.0,0.0
298.0,0.86,588.0,294.0,147.0,7.0,4.0,0.25,1.0
341.0,0.9,563.5,318.5,122.5,7.0,3.0,0.25,2.0
540.0,0.82,612.5,318.5,147.0,7.0,2.0,0.4,1.0
315.0,0.74,686.0,245.0,220.5,3.5,5.0,0.25,1.0
589.0,0.82,612.5,318.5,147.0,7.0,3.0,0.4,2.0
661.0,0.66,759.5,318.5,220.5,3.5,3.0,0.4,3.0
411.0,0.74,686.0,245.0,220.5,3.5,5.0,0.25,3.0
273.0,0.69,735.0,294.0,220.5,3.5,3.0,0.1,5.0
595.0,0.79,637.0,343.0,147.0,7.0,5.0,0.4,2.0
720.0,0.98,514.5,294.0,110.25,7.0,2.0,0.4,5.0
117.0,0.76,661.5,416.5,122.5,7.0,3.0,0.1,2.0
238.0,0.62,808.5,367.5,220.5,3.5,4.0,0.1,4.0
479.0,0.62,808.5,367.5,220.5,3.5,5.0,0.25,4.0
22.0,0.76,661.5,416.5,122.5,7.0,4.0,0.0,0.0
561.0,0.69,735.0,294.0,220.5,3.5,3.0,0.4,1.0
66.0,0.79,637.0,343.0,147.0,7.0,4.0,0.1,1.0
303.0,0.82,612.5,318.5,147.0,7.0,5.0,0.25,1.0
34.0,0.69,735.0,294.0,220.5,3.5,4.0,0.0,0.0
262.0,0.76,661.5,416.5,122.5,7.0,4.0,0.1,5.0
72.0,0.74,686.0,245.0,220.5,3.5,2.0,0.1,1.0
307.0,0.79,637.0,343.0,147.0,7.0,5.0,0.25,1.0
727.0,0.9,563.5,318.5,122.5,7.0,5.0,0.4,5.0
443.0,0.86,588.0,294.0,147.0,7.0,5.0,0.25,4.0
551.0,0.76,661.5,416.5,122.5,7.0,5.0,0.4,1.0
667.0,0.64,784.0,343.0,220.5,3.5,5.0,0.4,3.0
698.0,0.74,686.0,245.0,220.5,3.5,4.0,0.4,4.0
245.0,0.9,563.5,318.5,122.5,7.0,3.0,0.1,5.0
508.0,0.71,710.5,269.5,220.5,3.5,2.0,0.25,5.0
645.0,0.76,661.5,416.5,122.5,7.0,3.0,0.4,3.0
629.0,0.9,563.5,318.5,122.5,7.0,3.0,0.4,3.0
533.0,0.9,563.5,318.5,122.5,7.0,3.0,0.4,1.0
671.0,0.62,808.5,367.5,220.5,3.5,5.0,0.4,3.0
347.0,0.86,588.0,294.0,147.0,7.0,5.0,0.25,2.0
32.0,0.69,735.0,294.0,220.5,3.5,2.0,0.0,0.0
572.0,0.62,808.5,367.5,220.5,3.5,2.0,0.4,1.0
87.0,0.66,759.5,318.5,220.5,3.5,5.0,0.1,1.0
152.0,0.86,588.0,294.0,147.0,7.0,2.0,0.1,3.0
174.0,0.71,710.5,269.5,220.5,3.5,4.0,0.1,3.0
299.0,0.86,588.0,294.0,147.0,7.0,5.0,0.25,1.0
421.0,0.66,759.5,318.5,220.5,3.5,3.0,0.25,3.0
526.0,0.62,808.5,367.5,220.5,3.5,4.0,0.25,5.0
211.0,0.79,637.0,343.0,147.0,7.0,5.0,0.1,4.0
249.0,0.86,588.0,294.0,147.0,7.0,3.0,0.1,5.0
473.0,0.64,784.0,343.0,220.5,3.5,3.0,0.25,4.0
361.0,0.74,686.0,245.0,220.5,3.5,3.0,0.25,2.0
313.0,0.74,686.0,245.0,220.5,3.5,3.0,0.25,1.0
110.0,0.82,612.5,318.5,147.0,7.0,4.0,0.1,2.0
219.0,0.74,686.0,245.0,220.5,3.5,5.0,0.1,4.0
360.0,0.74,686.0,245.0,220.5,3.5,2.0,0.25,2.0
455.0,0.76,661.5,416.5,122.5,7.0,5.0,0.25,4.0
407.0,0.76,661.5,416.5,122.5,7.0,5.0,0.25,3.0
469.0,0.66,759.5,318.5,220.5,3.5,3.0,0.25,4.0
50.0,0.98,514.5,294.0,110.25,7.0,4.0,0.1,1.0
731.0,0.86,588.0,294.0,147.0,7.0,5.0,0.4,5.0
198.0,0.9,563.5,318.5,122.5,7.0,4.0,0.1,4.0
549.0,0.76,661.5,416.5,122.5,7.0,3.0,0.4,1.0
649.0,0.74,686.0,245.0,220.5,3.5,3.0,0.4,3.0
529.0,0.98,514.5,294.0,110.25,7.0,3.0,0.4,1.0
118.0,0.76,661.5,416.5,122.5,7.0,4.0,0.1,2.0
130.0,0.69,735.0,294.0,220.5,3.5,4.0,0.1,2.0
602.0,0.74,686.0,245.0,220.5,3.5,4.0,0.4,2.0
256.0,0.79,637.0,343.0,147.0,7.0,2.0,0.1,5.0
448.0,0.79,637.0,343.0,147.0,7.0,2.0,0.25,4.0
463.0,0.71,710.5,269.5,220.5,3.5,5.0,0.25,4.0
694.0,0.76,661.5,416.5,122.5,7.0,4.0,0.4,4.0
542.0,0.82,612.5,318.5,147.0,7.0,4.0,0.4,1.0
691.0,0.79,637.0,343.0,147.0,7.0,5.0,0.4,4.0
65.0,0.79,637.0,343.0,147.0,7.0,3.0,0.1,1.0
232.0,0.64,784.0,343.0,220.5,3.5,2.0,0.1,4.0
690.0,0.79,637.0,343.0,147.0,7.0,4.0,0.4,4.0
85.0,0.66,759.5,318.5,220.5,3.5,3.0,0.1,1.0
400.0,0.79,637.0,343.0,147.0,7.0,2.0,0.25,3.0
445.0,0.82,612.5,318.5,147.0,7.0,3.0,0.25,4.0
573.0,0.62,808.5,367.5,220.5,3.5,3.0,0.4,1.0
587.0,0.86,588.0,294.0,147.0,7.0,5.0,0.4,2.0
248.0,0.86,588.0,294.0,147.0,7.0,2.0,0.1,5.0
240.0,0.98,514.5,294.0,110.25,7.0,2.0,0.1,5.0
366.0,0.71,710.5,269.5,220.5,3.5,4.0,0.25,2.0
430.0,0.62,808.5,367.5,220.5,3.5,4.0,0.25,3.0
25.0,0.74,686.0,245.0,220.5,3.5,3.0,0.0,0.0
367.0,0.71,710.5,269.5,220.5,3.5,5.0,0.25,2.0
129.0,0.69,735.0,294.0,220.5,3.5,3.0,0.1,2.0
701.0,0.71,710.5,269.5,220.5,3.5,3.0,0.4,4.0
358.0,0.76,661.5,416.5,122.5,7.0,4.0,0.25,2.0
73.0,0.74,686.0,245.0,220.5,3.5,3.0,0.1,1.0
693.0,0.76,661.5,416.5,122.5,7.0,3.0,0.4,4.0
490.0,0.86,588.0,294.0,147.0,7.0,4.0,0.25,5.0
111.0,0.82,612.5,318.5,147.0,7.0,5.0,0.1,2.0
241.0,0.98,514.5,294.0,110.25,7.0,3.0,0.1,5.0
156.0,0.82,612.5,318.5,147.0,7.0,2.0,0.1,3.0
304.0,0.79,637.0,343.0,147.0,7.0,2.0,0.25,1.0
468.0,0.66,759.5,318.5,220.5,3.5,2.0,0.25,4.0
324.0,0.66,759.5,318.5,220.5,3.5,2.0,0.25,1.0
342.0,0.9,563.5,318.5,122.5,7.0,4.0,0.25,2.0
677.0,0.9,563.5,318.5,122.5,7.0,3.0,0.4,4.0
107.0,0.86,588.0,294.0,147.0,7.0,5.0,0.1,2.0
569.0,0.64,784.0,343.0,220.5,3.5,3.0,0.4,1.0
395.0,0.86,588.0,294.0,147.0,7.0,5.0,0.25,3.0
217.0,0.74,686.0,245.0,220.5,3.5,3.0,0.1,4.0
223.0,0.71,710.5,269.5,220.5,3.5,5.0,0.1,4.0
484.0,0.9,563.5,318.5,122.5,7.0,2.0,0.25,5.0
42.0,0.64,784.0,343.0,220.5,3.5,4.0,0.0,0.0
297.0,0.86,588.0,294.0,147.0,7.0,3.0,0.25,1.0
352.0,0.79,637.0,343.0,147.0,7.0,2.0,0.25,2.0
24.0,0.74,686.0,245.0,220.5,3.5,2.0,0.0,0.0
176.0,0.69,735.0,294.0,220.5,3.5,2.0,0.1,3.0
417.0,0.69,735.0,294.0,220.5,3.5,3.0,0.25,3.0
308.0,0.76,661.5,416.5,122.5,7.0,2.0,0.25,1.0
362.0,0.74,686.0,245.0,220.5,3.5,4.0,0.25,2.0
704.0,0.69,735.0,294.0,220.5,3.5,2.0,0.4,4.0
457.0,0.74,686.0,245.0,220.5,3.5,3.0,0.25,4.0
345.0,0.86,588.0,294.0,147.0,7.0,3.0,0.25,2.0
692.0,0.76,661.5,416.5,122.5,7.0,2.0,0.4,4.0
386.0,0.98,514.5,294.0,110.25,7.0,4.0,0.25,3.0
141.0,0.62,808.5,367.5,220.5,3.5,3.0,0.1,2.0
657.0,0.69,735.0,294.0,220.5,3.5,3.0,0.4,3.0
101.0,0.9,563.5,318.5,122.5,7.0,3.0,0.1,2.0
741.0,0.76,661.5,416.5,122.5,7.0,3.0,0.4,5.0
579.0,0.98,514.5,294.0,110.25,7.0,5.0,0.4,2.0
161.0,0.79,637.0,343.0,147.0,7.0,3.0,0.1,3.0
235.0,0.64,784.0,343.0,220.5,3.5,5.0,0.1,4.0
598.0,0.76,661.5,416.5,122.5,7.0,4.0,0.4,2.0
68.0,0.76,661.5,416.5,122.5,7.0,2.0,0.1,1.0
531.0,0.98,514.5,294.0,110.25,7.0,5.0,0.4,1.0
485.0,0.9,563.5,318.5,122.5,7.0,3.0,0.25,5.0
294.0,0.9,563.5,318.5,122.5,7.0,4.0,0.25,1.0
564.0,0.66,759.5,318.5,220.5,3.5,2.0,0.4,1.0
58.0,0.86,588.0,294.0,147.0,7.0,4.0,0.1,1.0
596.0,0.76,661.5,416.5,122.5,7.0,2.0,0.4,2.0
14.0,0.82,612.5,318.5,147.0,7.0,4.0,0.0,0.0
522.0,0.64,784.0,343.0,220.5,3.5,4.0,0.25,5.0
327.0,0.66,759.5,318.5,220.5,3.5,5.0,0.25,1.0
264.0,0.74,686.0,245.0,220.5,3.5,2.0,0.1,5.0
75.0,0.74,686.0,245.0,220.5,3.5,5.0,0.1,1.0
173.0,0.71,710.5,269.5,220.5,3.5,3.0,0.1,3.0
6.0,0.9,563.5,318.5,122.5,7.0,4.0,0.0,0.0
449.0,0.79,637.0,343.0,147.0,7.0,3.0,0.25,4.0
18.0,0.79,637.0,343.0,147.0,7.0,4.0,0.0,0.0
755.0,0.69,735.0,294.0,220.5,3.5,5.0,0.4,5.0
387.0,0.98,514.5,294.0,110.25,7.0,5.0,0.25,3.0
507.0,0.74,686.0,245.0,220.5,3.5,5.0,0.25,5.0
100.0,0.9,563.5,318.5,122.5,7.0,2.0,0.1,2.0
688.0,0.79,637.0,343.0,147.0,7.0,2.0,0.4,4.0
643.0,0.79,637.0,343.0,147.0,7.0,5.0,0.4,3.0
478.0,0.62,808.5,367.5,220.5,3.5,4.0,0.25,4.0
711.0,0.66,759.5,318.5,220.5,3.5,5.0,0.4,4.0
525.0,0.62,808.5,367.5,220.5,3.5,3.0,0.25,5.0
19.0,0.79,637.0,343.0,147.0,7.0,5.0,0.0,0.0
536.0,0.86,588.0,294.0,147.0,7.0,2.0,0.4,1.0
39.0,0.66,759.5,318.5,220.5,3.5,5.0,0.0,0.0
506.0,0.74,686.0,245.0,220.5,3.5,4.0,0.25,5.0
61.0,0.82,612.5,318.5,147.0,7.0,3.0,0.1,1.0
393.0,0.86,588.0,294.0,147.0,7.0,3.0,0.25,3.0
371.0,0.69,735.0,294.0,220.5,3.5,5.0,0.25,2.0
79.0,0.71,710.5,269.5,220.5,3.5,5.0,0.1,1.0
726.0,0.9,563.5,318.5,122.5,7.0,4.0,0.4,5.0
427.0,0.64,784.0,343.0,220.5,3.5,5.0,0.25,3.0
202.0,0.86,588.0,294.0,147.0,7.0,4.0,0.1,4.0
193.0,0.98,514.5,294.0,110.25,7.0,3.0,0.1,4.0
424.0,0.64,784.0,343.0,220.5,3.5,2.0,0.25,3.0
474.0,0.64,784.0,343.0,220.5,3.5,4.0,0.25,4.0
170.0,0.74,686.0,245.0,220.5,3.5,4.0,0.1,3.0
289.0,0.98,514.5,294.0,110.25,7.0,3.0,0.25,1.0
244.0,0.9,563.5,318.5,122.5,7.0,2.0,0.1,5.0
546.0,0.79,637.0,343.0,147.0,7.0,4.0,0.4,1.0
155.0,0.86,588.0,294.0,147.0,7.0,5.0,0.1,3.0
255.0,0.82,612.5,318.5,147.0,7.0,5.0,0.1,5.0
3.0,0.98,514.5,294.0,110.25,7.0,5.0,0.0,0.0
423.0,0.66,759.5,318.5,220.5,3.5,5.0,0.25,3.0
215.0,0.76,661.5,416.5,122.5,7.0,5.0,0.1,4.0
566.0,0.66,759.5,318.5,220.5,3.5,4.0,0.4,1.0
544.0,0.79,637.0,343.0,147.0,7.0,2.0,0.4,1.0
574.0,0.62,808.5,367.5,220.5,3.5,4.0,0.4,1.0
354.0,0.79,637.0,343.0,147.0,7.0,4.0,0.25,2.0
576.0,0.98,514.5,294.0,110.25,7.0,2.0,0.4,2.0
565.0,0.66,759.5,318.5,220.5,3.5,3.0,0.4,1.0
601.0,0.74,686.0,245.0,220.5,3.5,3.0,0.4,2.0
98.0,0.98,514.5,294.0,110.25,7.0,4.0,0.1,2.0
709.0,0.66,759.5,318.5,220.5,3.5,3.0,0.4,4.0
243.0,0.98,514.5,294.0,110.25,7.0,5.0,0.1,5.0
523.0,0.64,784.0,343.0,220.5,3.5,5.0,0.25,5.0
172.0,0.71,710.5,269.5,220.5,3.5,2.0,0.1,3.0
216.0,0.74,686.0,245.0,220.5,3.5,2.0,0.1,4.0
30.0,0.71,710.5,269.5,220.5,3.5,4.0,0.0,0.0
247.0,0.9,563.5,318.5,122.5,7.0,5.0,0.1,5.0
36.0,0.66,759.5,318.5,220.5,3.5,2.0,0.0,0.0
509.0,0.71,710.5,269.5,220.5,3.5,3.0,0.25,5.0
392.0,0.86,588.0,294.0,147.0,7.0,2.0,0.25,3.0
653.0,0.71,710.5,269.5,220.5,3.5,3.0,0.4,3.0
180.0,0.66,759.5,318.5,220.5,3.5,2.0,0.1,3.0
406.0,0.76,661.5,416.5,122.5,7.0,4.0,0.25,3.0
9.0,0.86,588.0,294.0,147.0,7.0,3.0,0.0,0.0
123.0,0.74,686.0,245.0,220.5,3.5,5.0,0.1,2.0
637.0,0.82,612.5,318.5,147.0,7.0,3.0,0.4,3.0
312.0,0.74,686.0,245.0,220.5,3.5,2.0,0.25,1.0
60.0,0.82,612.5,318.5,147.0,7.0,2.0,0.1,1.0
150.0,0.9,563.5,318.5,122.5,7.0,4.0,0.1,3.0
353.0,0.79,637.0,343.0,147.0,7.0,3.0,0.25,2.0
577.0,0.98,514.5,294.0,110.25,7.0,3.0,0.4,2.0
505.0,0.74,686.0,245.0,220.5,3.5,3.0,0.25,5.0
758.0,0.66,759.5,318.5,220.5,3.5,4.0,0.4,5.0
63.0,0.82,612.5,318.5,147.0,7.0,5.0,0.1,1.0
444.0,0.82,612.5,318.5,147.0,7.0,2.0,0.25,4.0
747.0,0.74,686.0,245.0,220.5,3.5,5.0,0.4,5.0
687.0,0.82,612.5,318.5,147.0,7.0,5.0,0.4,4.0
541.0,0.82,612.5,318.5,147.0,7.0,3.0,0.4,1.0
93.0,0.62,808.5,367.5,220.5,3.5,3.0,0.1,1.0
309.0,0.76,661.5,416.5,122.5,7.0,3.0,0.25,1.0
545.0,0.79,637.0,343.0,147.0,7.0,3.0,0.4,1.0
137.0,0.64,784.0,343.0,220.5,3.5,3.0,0.1,2.0
290.0,0.98,514.5,294.0,110.25,7.0,4.0,0.25,1.0
214.0,0.76,661.5,416.5,122.5,7.0,4.0,0.1,4.0
263.0,0.76,661.5,416.5,122.5,7.0,5.0,0.1,5.0
179.0,0.69,735.0,294.0,220.5,3.5,5.0,0.1,3.0
48.0,0.98,514.5,294.0,110.25,7.0,2.0,0.1,1.0
491.0,0.86,588.0,294.0,147.0,7.0,5.0,0.25,5.0
286.0,0.62,808.5,367.5,220.5,3.5,4.0,0.1,5.0
157.0,0.82,612.5,318.5,147.0,7.0,3.0,0.1,3.0
655.0,0.71,710.5,269.5,220.5,3.5,5.0,0.4,3.0
749.0,0.71,710.5,269.5,220.5,3.5,3.0,0.4,5.0
517.0,0.66,759.5,318.5,220.5,3.5,3.0,0.25,5.0
41.0,0.64,784.0,343.0,220.5,3.5,3.0,0.0,0.0
15.0,0.82,612.5,318.5,147.0,7.0,5.0,0.0,0.0
77.0,0.71,710.5,269.5,220.5,3.5,3.0,0.1,1.0
124.0,0.71,710.5,269.5,220.5,3.5,2.0,0.1,2.0
695.0,0.76,661.5,416.5,122.5,7.0,5.0,0.4,4.0
282.0,0.64,784.0,343.0,220.5,3.5,4.0,0.1,5.0
122.0,0.74,686.0,245.0,220.5,3.5,4.0,0.1,2.0
349.0,0.82,612.5,318.5,147.0,7.0,3.0,0.25,2.0
229.0,0.66,759.5,318.5,220.5,3.5,3.0,0.1,4.0
488.0,0.86,588.0,294.0,147.0,7.0,2.0,0.25,5.0
182.0,0.66,759.5,318.5,220.5,3.5,4.0,0.1,3.0
429.0,0.62,808.5,367.5,220.5,3.5,3.0,0.25,3.0
630.0,0.9,563.5,318.5,122.5,7.0,4.0,0.4,3.0
218.0,0.74,686.0,245.0,220.5,3.5,4.0,0.1,4.0
442.0,0.86,588.0,294.0,147.0,7.0,4.0,0.25,4.0
81.0,0.69,735.0,294.0,220.5,3.5,3.0,0.1,1.0
186.0,0.64,784.0,343.0,220.5,3.5,4.0,0.1,3.0
489.0,0.86,588.0,294.0,147.0,7.0,3.0,0.25,5.0
652.0,0.71,710.5,269.5,220.5,3.5,2.0,0.4,3.0
537.0,0.86,588.0,294.0,147.0,7.0,3.0,0.4,1.0
426.0,0.64,784.0,343.0,220.5,3.5,4.0,0.25,3.0
377.0,0.64,784.0,343.0,220.5,3.5,3.0,0.25,2.0
27.0,0.74,686.0,245.0,220.5,3.5,5.0,0.0,0.0
274.0,0.69,735.0,294.0,220.5,3.5,4.0,0.1,5.0
54.0,0.9,563.5,318.5,122.5,7.0,4.0,0.1,1.0
412.0,0.71,710.5,269.5,220.5,3.5,2.0,0.25,3.0
532.0,0.9,563.5,318.5,122.5,7.0,2.0,0.4,1.0
237.0,0.62,808.5,367.5,220.5,3.5,3.0,0.1,4.0
268.0,0.71,710.5,269.5,220.5,3.5,2.0,0.1,5.0
438.0,0.9,563.5,318.5,122.5,7.0,4.0,0.25,4.0
670.0,0.62,808.5,367.5,220.5,3.5,4.0,0.4,3.0
151.0,0.9,563.5,318.5,122.5,7.0,5.0,0.1,3.0
242.0,0.98,514.5,294.0,110.25,7.0,4.0,0.1,5.0
64.0,0.79,637.0,343.0,147.0,7.0,2.0,0.1,1.0
482.0,0.98,514.5,294.0,110.25,7.0,4.0,0.25,5.0
37.0,0.66,759.5,318.5,220.5,3.5,3.0,0.0,0.0
610.0,0.69,735.0,294.0,220.5,3.5,4.0,0.4,2.0
277.0,0.66,759.5,318.5,220.5,3.5,3.0,0.1,5.0
452.0,0.76,661.5,416.5,122.5,7.0,2.0,0.25,4.0
654.0,0.71,710.5,269.5,220.5,3.5,4.0,0.4,3.0
464.0,0.69,735.0,294.0,220.5,3.5,2.0,0.25,4.0
71.0,0.76,661.5,416.5,122.5,7.0,5.0,0.1,1.0
766.0,0.62,808.5,367.5,220.5,3.5,4.0,0.4,5.0
139.0,0.64,784.0,343.0,220.5,3.5,5.0,0.1,2.0
209.0,0.79,637.0,343.0,147.0,7.0,3.0,0.1,4.0
51.0,0.98,514.5,294.0,110.25,7.0,5.0,0.1,1.0
329.0,0.64,784.0,343.0,220.5,3.5,3.0,0.25,1.0
613.0,0.66,759.5,318.5,220.5,3.5,3.0,0.4,2.0
144.0,0.98,514.5,294.0,110.25,7.0,2.0,0.1,3.0
600.0,0.74,686.0,245.0,220.5,3.5,2.0,0.4,2.0
706.0,0.69,735.0,294.0,220.5,3.5,4.0,0.4,4.0
744.0,0.74,686.0,245.0,220.5,3.5,2.0,0.4,5.0
504.0,0.74,686.0,245.0,220.5,3.5,2.0,0.25,5.0
511.0,0.71,710.5,269.5,220.5,3.5,5.0,0.25,5.0
344.0,0.86,588.0,294.0,147.0,7.0,2.0,0.25,2.0
287.0,0.62,808.5,367.5,220.5,3.5,5.0,0.1,5.0
497.0,0.79,637.0,343.0,147.0,7.0,3.0,0.25,5.0
683.0,0.86,588.0,294.0,147.0,7.0,5.0,0.4,4.0
373.0,0.66,759.5,318.5,220.5,3.5,3.0,0.25,2.0
334.0,0.62,808.5,367.5,220.5,3.5,4.0,0.25,1.0
254.0,0.82,612.5,318.5,147.0,7.0,4.0,0.1,5.0
493.0,0.82,612.5,318.5,147.0,7.0,3.0,0.25,5.0
356.0,0.76,661.5,416.5,122.5,7.0,2.0,0.25,2.0
302.0,0.82,612.5,318.5,147.0,7.0,4.0,0.25,1.0
109.0,0.82,612.5,318.5,147.0,7.0,3.0,0.1,2.0
258.0,0.79,637.0,343.0,147.0,7.0,4.0,0.1,5.0
375.0,0.66,759.5,318.5,220.5,3.5,5.0,0.25,2.0
340.0,0.9,563.5,318.5,122.5,7.0,2.0,0.25,2.0
160.0,0.79,637.0,343.0,147.0,7.0,2.0,0.1,3.0
146.0,0.98,514.5,294.0,110.25,7.0,4.0,0.1,3.0
314.0,0.74,686.0,245.0,220.5,3.5,4.0,0.25,1.0
761.0,0.64,784.0,343.0,220.5,3.5,3.0,0.4,5.0
35.0,0.69,735.0,294.0,220.5,3.5,5.0,0.0,0.0
736.0,0.79,637.0,343.0,147.0,7.0,2.0,0.4,5.0
28.0,0.71,710.5,269.5,220.5,3.5,2.0,0.0,0.0
535.0,0.9,563.5,318.5,122.5,7.0,5.0,0.4,1.0
167.0,0.76,661.5,416.5,122.5,7.0,5.0,0.1,3.0
374.0,0.66,759.5,318.5,220.5,3.5,4.0,0.25,2.0
46.0,0.62,808.5,367.5,220.5,3.5,4.0,0.0,0.0
187.0,0.64,784.0,343.0,220.5,3.5,5.0,0.1,3.0
333.0,0.62,808.5,367.5,220.5,3.5,3.0,0.25,1.0
415.0,0.71,710.5,269.5,220.5,3.5,5.0,0.25,3.0
154.0,0.86,588.0,294.0,147.0,7.0,4.0,0.1,3.0
514.0,0.69,735.0,294.0,220.5,3.5,4.0,0.25,5.0
331.0,0.64,784.0,343.0,220.5,3.5,5.0,0.25,1.0
323.0,0.69,735.0,294.0,220.5,3.5,5.0,0.25,1.0
370.0,0.69,735.0,294.0,220.5,3.5,4.0,0.25,2.0
261.0,0.76,661.5,416.5,122.5,7.0,3.0,0.1,5.0
527.0,0.62,808.5,367.5,220.5,3.5,5.0,0.25,5.0
708.0,0.66,759.5,318.5,220.5,3.5,2.0,0.4,4.0
225.0,0.69,735.0,294.0,220.5,3.5,3.0,0.1,4.0
40.0,0.64,784.0,343.0,220.5,3.5,2.0,0.0,0.0
296.0,0.86,588.0,294.0,147.0,7.0,2.0,0.25,1.0
718.0,0.62,808.5,367.5,220.5,3.5,4.0,0.4,4.0
305.0,0.79,637.0,343.0,147.0,7.0,3.0,0.25,1.0
433.0,0.98,514.5,294.0,110.25,7.0,3.0,0.25,4.0
639.0,0.82,612.5,318.5,147.0,7.0,5.0,0.4,3.0
330.0,0.64,784.0,343.0,220.5,3.5,4.0,0.25,1.0
228.0,0.66,759.5,318.5,220.5,3.5,2.0,0.1,4.0
486.0,0.9,563.5,318.5,122.5,7.0,4.0,0.25,5.0
603.0,0.74,686.0,245.0,220.5,3.5,5.0,0.4,2.0
112.0,0.79,637.0,343.0,147.0,7.0,2.0,0.1,2.0
20.0,0.76,661.5,416.5,122.5,7.0,2.0,0.0,0.0
722.0,0.98,514.5,294.0,110.25,7.0,4.0,0.4,5.0
556.0,0.71,710.5,269.5,220.5,3.5,2.0,0.4,1.0
177.0,0.69,735.0,294.0,220.5,3.5,3.0,0.1,3.0
646.0,0.76,661.5,416.5,122.5,7.0,4.0,0.4,3.0
712.0,0.64,784.0,343.0,220.5,3.5,2.0,0.4,4.0
705.0,0.69,735.0,294.0,220.5,3.5,3.0,0.4,4.0
624.0,0.98,514.5,294.0,110.25,7.0,2.0,0.4,3.0
121.0,0.74,686.0,245.0,220.5,3.5,3.0,0.1,2.0
435.0,0.98,514.5,294.0,110.25,7.0,5.0,0.25,4.0
745.0,0.74,686.0,245.0,220.5,3.5,3.0,0.4,5.0
594.0,0.79,637.0,343.0,147.0,7.0,4.0,0.4,2.0
89.0,0.64,784.0,343.0,220.5,3.5,3.0,0.1,1.0
339.0,0.98,514.5,294.0,110.25,7.0,5.0,0.25,2.0
641.0,0.79,637.0,343.0,147.0,7.0,3.0,0.4,3.0
325.0,0.66,759.5,318.5,220.5,3.5,3.0,0.25,1.0
52.0,0.9,563.5,318.5,122.5,7.0,2.0,0.1,1.0
336.0,0.98,514.5,294.0,110.25,7.0,2.0,0.25,2.0
554.0,0.74,686.0,245.0,220.5,3.5,4.0,0.4,1.0
82.0,0.69,735.0,294.0,220.5,3.5,4.0,0.1,1.0
56.0,0.86,588.0,294.0,147.0,7.0,2.0,0.1,1.0
53.0,0.9,563.5,318.5,122.5,7.0,3.0,0.1,1.0
206.0,0.82,612.5,318.5,147.0,7.0,4.0,0.1,4.0
205.0,0.82,612.5,318.5,147.0,7.0,3.0,0.1,4.0
212.0,0.76,661.5,416.5,122.5,7.0,2.0,0.1,4.0
86.0,0.66,759.5,318.5,220.5,3.5,4.0,0.1,1.0
419.0,0.69,735.0,294.0,220.5,3.5,5.0,0.25,3.0
477.0,0.62,808.5,367.5,220.5,3.5,3.0,0.25,4.0
164.0,0.76,661.5,416.5,122.5,7.0,2.0,0.1,3.0
350.0,0.82,612.5,318.5,147.0,7.0,4.0,0.25,2.0
686.0,0.82,612.5,318.5,147.0,7.0,4.0,0.4,4.0
623.0,0.62,808.5,367.5,220.5,3.5,5.0,0.4,2.0
391.0,0.9,563.5,318.5,122.5,7.0,5.0,0.25,3.0
668.0,0.62,808.5,367.5,220.5,3.5,2.0,0.4,3.0
680.0,0.86,588.0,294.0,147.0,7.0,2.0,0.4,4.0
260.0,0.76,661.5,416.5,122.5,7.0,2.0,0.1,5.0
431.0,0.62,808.5,367.5,220.5,3.5,5.0,0.25,3.0
439.0,0.9,563.5,318.5,122.5,7.0,5.0,0.25,4.0
735.0,0.82,612.5,318.5,147.0,7.0,5.0,0.4,5.0
67.0,0.79,637.0,343.0,147.0,7.0,5.0,0.1,1.0
102.0,0.9,563.5,318.5,122.5,7.0,4.0,0.1,2.0
96.0,0.98,514.5,294.0,110.25,7.0,2.0,0.1,2.0
178.0,0.69,735.0,294.0,220.5,3.5,4.0,0.1,3.0
159.0,0.82,612.5,318.5,147.0,7.0,5.0,0.1,3.0
279.0,0.66,759.5,318.5,220.5,3.5,5.0,0.1,5.0
453.0,0.76,661.5,416.5,122.5,7.0,3.0,0.25,4.0
